edge_id,width,density,average_speed
-1059393591,3.5,0.0,0.0
-1079647854#0,3.5,0.0,0.0
-1079647854#1,3.5,0.0,0.0
-1080868202,3.5,0.0,0.0
-1081329528#0,3.5,0.0,0.0
-1081329528#1,3.5,0.0,0.0
-1081647125,3.5,0.0,0.0
-1081648321,3.5,0.0,0.0
-1099721720,3.5,0.0,0.0
-1107323962,3.5,0.0,0.0
-1126551277#0,3.5,0.0,0.0
-1126551277#1,3.5,0.0,0.0
-1147042694,3.5,0.0,0.0
-1156123812#0,3.5,0.0,0.0
-1156123812#1,3.5,0.0,0.0
-1156123813#0,3.5,0.0,0.0
-1156123813#1,3.5,0.0,0.0
-1156123813#2,3.5,0.0,0.0
-1157218234#0,3.5,0.0,0.0
-1157218234#1,3.5,0.0,0.0
-1157218234#2,3.5,0.0,0.0
-1157218234#3,3.5,0.0,0.0
-1157218234#4,3.5,0.0,0.0
-1157218235,3.5,0.0,0.0
-1194042864#0,3.5,0.0,0.0
-1194042864#1,3.5,0.0,0.0
-1245858890,3.5,0.0,0.0
-1245858892,3.5,0.0,0.0
-1245858893,3.5,0.0,0.0
-1245858894,3.5,0.0,0.0
-1254697470,3.5,0.0,0.0
-1254697471,3.5,0.0,0.0
-1254697472,3.5,0.0,0.0
-1256907219#0,3.5,0.0,0.0
-1256907219#1,3.5,0.0,0.0
-1256907219#2,3.5,0.0,0.0
-1257758359,3.5,0.0,0.0
-1286257630#0,3.5,0.0,0.0
-1286257630#1,3.5,0.0,0.0
-1286257631#0,3.5,0.0,0.0
-1286257631#1,3.5,0.0,0.0
-1288875211,3.5,0.0,0.0
-1288875212,3.5,0.0,0.0
-1288875213,3.5,0.0,0.0
-1288875214#0,3.5,0.0,0.0
-1288875214#1,3.5,0.0,0.0
-1288875214#2,3.5,0.0,0.0
-1288875215,3.5,0.0,0.0
-1288875216,3.5,0.0,0.0
-1288875217,3.5,0.0,0.0
-1288875218,3.5,0.0,0.0
-1288875219,3.5,0.0,0.0
-1288875220,3.5,0.0,0.0
-1288875221,3.5,0.0,0.0
-1288875222,3.5,0.0,0.0
-1288877702#0,3.5,0.0,0.0
-1288877702#1,3.5,0.0,0.0
-1288877702#2,3.5,0.0,0.0
-1292347198#0,3.5,0.0,0.0
-1292347198#1,3.5,0.0,0.0
-1292347198#2,3.5,0.0,0.0
-1292347198#3,3.5,0.0,0.0
-1292347198#4,3.5,0.0,0.0
-1298038631#0,3.5,1.0,6.916504858937352
-1298038631#1,3.5,0.0,0.0
-1298038631#2,3.5,0.0,0.0
-130546663,3.5,0.0,0.0
-130547038,3.5,0.0,0.0
-1306598704,3.5,0.0,0.0
-130764246,3.5,0.0,0.0
-1310060378,3.5,0.0,0.0
-1320033536#0,3.5,0.0,0.0
-1320033536#1,3.5,0.0,0.0
-1320033536#2,3.5,0.0,0.0
-1320033536#3,3.5,0.0,0.0
-13215020#0,3.5,0.0,0.0
-13215020#1,3.5,0.0,0.0
-13215020#2,3.5,0.0,0.0
-13215020#3,3.5,0.0,0.0
-13215020#4,3.5,0.0,0.0
-13215022#0,3.5,0.0,0.0
-13215022#1,3.5,0.0,0.0
-132963886,3.5,0.0,0.0
-132963888#0,3.5,0.0,0.0
-132963888#1,3.5,0.0,0.0
-132964154,3.5,0.0,0.0
-132964159#0,3.5,0.0,0.0
-132964159#1,3.5,0.0,0.0
-132964159#2,3.5,0.0,0.0
-132964159#3,3.5,0.0,0.0
-132964159#4,3.5,0.0,0.0
-132964159#5,3.5,0.0,0.0
-132964159#6,3.5,0.0,0.0
-132964159#7,3.5,0.0,0.0
-132964163#0,3.5,0.0,0.0
-132964163#1,3.5,0.0,0.0
-132964163#2,3.5,0.0,0.0
-132964163#3,3.5,0.0,0.0
-132964163#4,3.5,0.0,0.0
-132964163#5,3.5,0.0,0.0
-132964163#6,3.5,0.0,0.0
-132964163#7,3.5,0.0,0.0
-1359331921,3.5,0.0,0.0
-1360150946,3.5,0.0,0.0
-1360150947,3.5,0.0,0.0
-1360150948,3.5,0.0,0.0
-1360150949,3.5,0.0,0.0
-1360150950#0,3.5,0.0,0.0
-1360150950#1,3.5,0.0,0.0
-1360150950#2,3.5,0.0,0.0
-1360150950#3,3.5,0.0,0.0
-1360150950#4,3.5,0.0,0.0
-138332542,3.5,0.0,0.0
-1383792448,3.5,0.0,0.0
-1383792449,3.5,0.0,0.0
-138419767#0,3.5,0.0,0.0
-138419767#1,3.5,0.0,0.0
-138419772#0,3.5,0.0,0.0
-138419772#1,3.5,0.0,0.0
-138419772#2,3.5,0.0,0.0
-138419772#3,3.5,0.0,0.0
-138419776#0,3.5,0.0,0.0
-138419776#1,3.5,0.0,0.0
-138419776#2,3.5,0.0,0.0
-138419778#0,3.5,0.0,0.0
-138419778#1,3.5,0.0,0.0
-138419778#2,3.5,0.0,0.0
-138419778#3,3.5,0.0,0.0
-138419778#4,3.5,0.0,0.0
-138419781,3.5,0.0,0.0
-138419782#0,3.5,0.0,0.0
-138419782#1,3.5,0.0,0.0
-138419782#2,3.5,0.0,0.0
-138419783#0,3.5,0.0,0.0
-138419783#1,3.5,0.0,0.0
-140772448#0,3.5,0.0,0.0
-140772448#1,3.5,0.0,0.0
-140772448#2,3.5,0.0,0.0
-140772448#3,3.5,0.0,0.0
-140772448#4,3.5,0.0,0.0
-140772448#5,3.5,0.0,0.0
-1413206707,3.5,0.0,0.0
-1413215988#0,3.5,0.0,0.0
-1413215988#1,3.5,0.0,0.0
-1413215988#2,3.5,0.0,0.0
-1413215988#3,3.5,0.0,0.0
-1413215988#4,3.5,0.0,0.0
-1413215988#5,3.5,0.0,0.0
-142356185#0,3.5,0.0,0.0
-142356185#1,3.5,0.0,0.0
-142356187#0,3.5,0.0,0.0
-142356187#1,3.5,0.0,0.0
-142356187#2,3.5,0.0,0.0
-142517766,3.5,0.0,0.0
-142517768#0,3.5,0.0,0.0
-142517768#1,3.5,0.0,0.0
-142519288,3.5,0.0,0.0
-149357414,3.5,0.0,0.0
-149357417,3.5,0.0,0.0
-149540140#0,3.5,0.0,0.0
-149540140#1,3.5,0.0,0.0
-149540140#2,3.5,0.0,0.0
-149540140#3,3.5,0.0,0.0
-152445636#0,3.5,0.0,0.0
-152445636#1,3.5,0.0,0.0
-152445636#2,3.5,0.0,0.0
-153897385,3.5,0.0,0.0
-159992082#0,3.5,0.0,0.0
-159992082#1,3.5,0.0,0.0
-159992082#2,3.5,0.0,0.0
-171934808#0,3.5,0.0,0.0
-171934808#1,3.5,0.0,0.0
-171934808#2,3.5,0.0,0.0
-171934808#3,3.5,0.0,0.0
-171934808#4,3.5,0.0,0.0
-171934808#5,3.5,0.0,0.0
-171934810#0,3.5,0.0,0.0
-171934810#1,3.5,0.0,0.0
-211674507#0,3.5,0.0,0.0
-211674507#1,3.5,0.0,0.0
-211674507#2,3.5,0.0,0.0
-211674507#3,3.5,0.0,0.0
-211674507#4,3.5,0.0,0.0
-211674507#5,3.5,0.0,0.0
-211674510,3.5,0.0,0.0
-211674512#0,3.5,0.0,0.0
-211674512#1,3.5,0.0,0.0
-211674513#0,3.5,0.0,0.0
-211674513#1,3.5,0.0,0.0
-25885524,3.5,0.0,0.0
-260923013#0,3.5,0.0,0.0
-260923013#1,3.5,0.0,0.0
-30283192#0,3.5,0.0,0.0
-30283192#1,3.5,0.0,0.0
-30283192#2,3.5,0.0,0.0
-30283193#0,3.5,0.0,0.0
-30283193#1,3.5,0.0,0.0
-30710884#0,3.5,0.0,0.0
-30710884#1,3.5,0.0,0.0
-30710884#2,3.5,1.0,6.916504858937352
-30710884#3,3.5,0.0,0.0
-30710886#0,3.5,0.0,0.0
-30710886#1,3.5,0.0,0.0
-30710886#2,3.5,0.0,0.0
-33636008,3.5,0.0,0.0
-342271339#0,3.5,0.0,0.0
-342271339#1,3.5,0.0,0.0
-37035107#0,3.5,0.0,0.0
-37035107#1,3.5,0.0,0.0
-370715408#0,3.5,0.0,0.0
-370715408#1,3.5,0.0,0.0
-370715408#2,3.5,0.0,0.0
-370715408#3,3.5,0.0,0.0
-371146251,3.5,0.0,0.0
-371146256,3.5,0.0,0.0
-371146258,3.5,0.0,0.0
-371146261#0,3.5,0.0,0.0
-371146261#1,3.5,0.0,0.0
-371146261#10,3.5,0.0,0.0
-371146261#11,3.5,0.0,0.0
-371146261#12,3.5,0.0,0.0
-371146261#13,3.5,0.0,0.0
-371146261#14,3.5,0.0,0.0
-371146261#15,3.5,0.0,0.0
-371146261#16,3.5,0.0,0.0
-371146261#2,3.5,0.0,0.0
-371146261#3,3.5,0.0,0.0
-371146261#4,3.5,0.0,0.0
-371146261#5,3.5,0.0,0.0
-371146261#6,3.5,0.0,0.0
-371146261#7,3.5,0.0,0.0
-371146261#8,3.5,0.0,0.0
-371146261#9,3.5,0.0,0.0
-371146267,3.5,0.0,0.0
-382211677,3.5,0.0,0.0
-382211678,3.5,0.0,0.0
-382211679,3.5,0.0,0.0
-395869969,3.5,0.0,0.0
-4218501#0,3.5,0.0,0.0
-4218501#1,3.5,0.0,0.0
-4218501#2,3.5,0.0,0.0
-4221183#0,3.5,0.0,0.0
-4221183#1,3.5,0.0,0.0
-4221188,3.5,0.0,0.0
-438648463,3.5,0.0,0.0
-438652661,3.5,0.0,0.0
-439038669,3.5,0.0,0.0
-454115423#0,3.5,0.0,0.0
-454115423#1,3.5,0.0,0.0
-454115423#2,3.5,0.0,0.0
-454115423#3,3.5,0.0,0.0
-4693899#0,3.5,0.0,0.0
-4693899#1,3.5,0.0,0.0
-474600186#0,3.5,0.0,0.0
-474600186#1,3.5,0.0,0.0
-474600186#2,3.5,0.0,0.0
-474600186#3,3.5,0.0,0.0
-474600186#4,3.5,0.0,0.0
-474600186#5,3.5,0.0,0.0
-474600186#6,3.5,0.0,0.0
-474600186#7,3.5,0.0,0.0
-4756576#0,3.5,0.0,0.0
-4756576#1,3.5,0.0,0.0
-4778286#0,3.5,0.0,0.0
-4778286#1,3.5,0.0,0.0
-4778286#2,3.5,0.0,0.0
-4824572,3.5,0.0,0.0
-4824695#0,3.5,0.0,0.0
-4824695#1,3.5,0.0,0.0
-4824695#2,3.5,0.0,0.0
-4824695#3,3.5,0.0,0.0
-4824698#0,3.5,0.0,0.0
-4824698#1,3.5,0.0,0.0
-4824702#0,3.5,0.0,0.0
-4824702#1,3.5,0.0,0.0
-4824702#2,3.5,0.0,0.0
-4824704#0,3.5,0.0,0.0
-4824704#1,3.5,0.0,0.0
-4824704#10,3.5,0.0,0.0
-4824704#2,3.5,0.0,0.0
-4824704#3,3.5,0.0,0.0
-4824704#4,3.5,0.0,0.0
-4824704#5,3.5,0.0,0.0
-4824704#6,3.5,0.0,0.0
-4824704#7,3.5,0.0,0.0
-4824704#8,3.5,0.0,0.0
-4824704#9,3.5,0.0,0.0
-4824707,3.5,0.0,0.0
-4824708,3.5,0.0,0.0
-4824709,3.5,0.0,0.0
-4824710,3.5,0.0,0.0
-537946542,3.5,0.0,0.0
-537946543,3.5,0.0,0.0
-537946545,3.5,0.0,0.0
-537946547,3.5,0.0,0.0
-537957148,3.5,0.0,0.0
-537957149,3.5,0.0,0.0
-538970944,3.5,0.0,0.0
-538970945,3.5,0.0,0.0
-545223479,3.5,0.0,0.0
-545223481,3.5,0.0,0.0
-564739311,3.5,0.0,0.0
-59851521#0,3.5,0.0,0.0
-59851521#1,3.5,0.0,0.0
-59851521#2,3.5,0.0,0.0
-59851521#3,3.5,0.0,0.0
-59851521#4,3.5,0.0,0.0
-59851521#5,3.5,0.0,0.0
-59851521#6,3.5,0.0,0.0
-59851521#7,3.5,0.0,0.0
-59851743#0,3.5,0.0,0.0
-59851743#1,3.5,0.0,0.0
-671832297#0,3.5,0.0,0.0
-671832297#1,3.5,0.0,0.0
-672385596,3.5,0.0,0.0
-672385599#0,3.5,0.0,0.0
-672385599#1,3.5,0.0,0.0
-672385601#0,3.5,0.0,0.0
-672385601#1,3.5,0.0,0.0
-672385601#2,3.5,0.0,0.0
-672385606,3.5,0.0,0.0
-682283975,3.5,0.0,0.0
-682283977,3.5,0.0,0.0
-682283978,3.5,0.0,0.0
-682283993#0,3.5,0.0,0.0
-682283993#1,3.5,0.0,0.0
-682283993#2,3.5,0.0,0.0
-682283993#3,3.5,0.0,0.0
-682283993#4,3.5,0.0,0.0
-682284020#0,3.5,0.0,0.0
-682284020#1,3.5,0.0,0.0
-682284020#2,3.5,0.0,0.0
-733140772,3.5,0.0,0.0
-773759798,3.5,0.0,0.0
-785300142,3.5,0.0,0.0
-788607084,3.5,0.0,0.0
-788690105,3.5,0.0,0.0
-815241742,3.5,0.0,0.0
-820142590#0,3.5,0.0,0.0
-820142590#1,3.5,0.0,0.0
-820142591,3.5,0.0,0.0
-833822283,3.5,0.0,0.0
-84657872#0,3.5,0.0,0.0
-84657872#1,3.5,0.0,0.0
-84657872#2,3.5,0.0,0.0
-84657872#3,3.5,0.0,0.0
-84657872#4,3.5,0.0,0.0
-850526279,3.5,0.0,0.0
-898538734,3.5,0.0,0.0
-928805373,3.5,0.0,0.0
-928805374#0,3.5,0.0,0.0
-928805374#1,3.5,0.0,0.0
-928805374#2,3.5,0.0,0.0
-928805374#3,3.5,0.0,0.0
-928805374#4,3.5,0.0,0.0
-96136747#0,3.5,0.0,0.0
-96136747#1,3.5,0.0,0.0
-96136748#0,3.5,0.0,0.0
-96136748#1,3.5,0.0,0.0
-967106863,3.5,0.0,0.0
-967106864#0,3.5,0.0,0.0
-967106864#1,3.5,0.0,0.0
-967106865#0,3.5,0.0,0.0
-967106865#1,3.5,0.0,0.0
-967106866,3.5,0.0,0.0
-976108083#0,3.5,0.0,0.0
-976108083#1,3.5,0.0,0.0
-976108083#2,3.5,0.0,0.0
-98637955#0,3.5,0.0,0.0
-98637955#1,3.5,0.0,0.0
-98637955#2,3.5,0.0,0.0
-98637955#3,3.5,0.0,0.0
-98637955#4,3.5,0.0,0.0
-98637955#5,3.5,0.0,0.0
10214830#0,3.5,0.0,0.0
10214830#1,3.5,0.0,0.0
10214830#2,3.5,0.0,0.0
1025757088#0,3.5,0.0,0.0
1025757088#1,3.5,0.0,0.0
1025757089,3.5,0.0,0.0
1025757090#0,3.5,0.0,0.0
1025757090#1,3.5,0.0,0.0
1025757091,3.5,0.0,0.0
1025757092#0,3.5,0.0,0.0
1025757092#1,3.5,0.0,0.0
1025757093#0,3.5,0.0,0.0
1025757093#1,3.5,0.0,0.0
1035375206,3.5,0.0,0.0
1035375207,3.5,0.0,0.0
1047614391,3.5,0.0,0.0
1047614392#0,3.5,0.0,0.0
1047614392#1,3.5,0.0,0.0
1047614393,3.5,0.0,0.0
1059393591,3.5,0.0,0.0
1068289536,3.5,0.0,0.0
1079647854#0,3.5,0.0,0.0
1079647854#1,3.5,0.0,0.0
1079647856#0,3.5,0.0,0.0
1079647856#1,3.5,0.0,0.0
1080868202,3.5,0.0,0.0
1081329526,3.5,0.0,0.0
1081329528#0,3.5,0.0,0.0
1081329528#1,3.5,0.0,0.0
1081329529,3.5,0.0,0.0
1081333389,3.5,0.0,0.0
1081333390,3.5,0.0,0.0
1081333391,3.5,0.0,0.0
1081333392,3.5,0.0,0.0
1081647125,3.5,0.0,0.0
1081647126,3.5,0.0,0.0
1081647730,3.5,0.0,0.0
1081647731#0,3.5,0.0,0.0
1081647731#1,3.5,0.0,0.0
1081648320,3.5,0.0,0.0
1081648321,3.5,0.0,0.0
1081648322,3.5,0.0,0.0
1081648323,3.5,0.0,0.0
1081648324#0,3.5,0.0,0.0
1081648324#1,3.5,0.0,0.0
1081648325,3.5,0.0,0.0
1082138323,3.5,0.0,0.0
1082138324,3.5,0.0,0.0
1099721720,3.5,0.0,0.0
1104200778#0,3.5,0.0,0.0
1104200778#1,3.5,0.0,0.0
1107323962,3.5,0.0,0.0
1126520146,3.5,0.0,0.0
1126551264,3.5,0.0,0.0
1126551277#0,3.5,0.0,0.0
1126551277#1,3.5,0.0,0.0
1127747291,3.5,0.0,0.0
1128053155#0,3.5,0.0,0.0
1128053155#1,3.5,0.0,0.0
1128053155#2,3.5,0.0,0.0
1132475305#0,3.5,0.0,0.0
1132475305#1,3.5,0.0,0.0
1132475305#2,3.5,0.0,0.0
1132475306#0,3.5,0.0,0.0
1132475306#1,3.5,0.0,0.0
1132476293#0,3.5,0.0,0.0
1132476293#1,3.5,0.0,0.0
1132476293#2,3.5,0.0,0.0
1132476293#3,3.5,0.0,0.0
1132476293#4,3.5,0.0,0.0
1138010039,3.5,0.0,0.0
1147042694,3.5,0.0,0.0
1156123812#0,3.5,0.0,0.0
1156123812#1,3.5,0.0,0.0
1156123813#0,3.5,0.0,0.0
1156123813#1,3.5,0.0,0.0
1156123813#2,3.5,0.0,0.0
1157218234#0,3.5,0.0,0.0
1157218234#1,3.5,0.0,0.0
1157218234#2,3.5,0.0,0.0
1157218234#3,3.5,0.0,0.0
1157218234#4,3.5,0.0,0.0
1157218235,3.5,0.0,0.0
1157218287#0,3.5,0.0,0.0
1157218287#1,3.5,0.0,0.0
1157218287#2,3.5,0.0,0.0
1157273658#0,3.5,0.0,0.0
1157273658#1,3.5,0.0,0.0
1157273658#2,3.5,0.0,0.0
1157273658#3,3.5,0.0,0.0
1157273658#4,3.5,0.0,0.0
1157273658#5,3.5,0.0,0.0
1161997241,3.5,0.0,0.0
1192938789,3.5,0.0,0.0
1192938790#0,3.5,0.0,0.0
1192938790#1,3.5,0.0,0.0
1192938791#0,3.5,0.0,0.0
1192938791#1,3.5,0.0,0.0
1192938792,3.5,0.0,0.0
1192938793,3.5,0.0,0.0
1192938794#0,3.5,0.0,0.0
1192938794#1,3.5,0.0,0.0
1192938795,3.5,0.0,0.0
1192938796#0,3.5,0.0,0.0
1192938796#1,3.5,0.0,0.0
1192938797#0,3.5,0.0,0.0
1192938797#1,3.5,0.0,0.0
1192938797#2,3.5,0.0,0.0
1194042864#0,3.5,0.0,0.0
1194042864#1,3.5,0.0,0.0
1204438446,3.5,0.0,0.0
1204438447,3.5,0.0,0.0
1204438546#0,3.5,0.0,0.0
1204438546#1,3.5,0.0,0.0
1204438546#2,3.5,0.0,0.0
1204438547#0,3.5,0.0,0.0
1204438547#1,3.5,0.0,0.0
1204438547#2,3.5,0.0,0.0
1210614616#0,3.5,0.0,0.0
1210614616#1,3.5,0.0,0.0
1210614616#2,3.5,0.0,0.0
1210614617,3.5,0.0,0.0
1210614618,3.5,0.0,0.0
1212607214#0,3.5,0.0,0.0
1212607214#1,3.5,0.0,0.0
1212607214#2,3.5,0.0,0.0
1212607214#3,3.5,0.0,0.0
1212607214#4,3.5,0.0,0.0
1212607214#5,3.5,0.0,0.0
1212607214#6,3.5,0.0,0.0
1212607214#7,3.5,0.0,0.0
1212607215#0,3.5,0.0,0.0
1212607215#1,3.5,0.0,0.0
1245858890,3.5,0.0,0.0
1245858891,3.5,0.0,0.0
1245858892,3.5,0.0,0.0
1245858893,3.5,0.0,0.0
1245858894,3.5,0.0,0.0
1246997888,3.5,0.0,0.0
1254697470,3.5,0.0,0.0
1254697471,3.5,0.0,0.0
1254697472,3.5,0.0,0.0
1254697473#0,3.5,0.0,0.0
1254697473#1,3.5,0.0,0.0
1254697473#2,3.5,0.0,0.0
1254697474#0,3.5,0.0,0.0
1254697474#1,3.5,0.0,0.0
1254697474#2,3.5,0.0,0.0
1255249224,3.5,0.0,0.0
1255250077#0,3.5,0.0,0.0
1255250077#1,3.5,0.0,0.0
1255250077#2,3.5,0.0,0.0
1256907218#0,3.5,0.0,0.0
1256907218#1,3.5,0.0,0.0
1256907218#2,3.5,0.0,0.0
1256907218#3,3.5,0.0,0.0
1256907218#4,3.5,0.0,0.0
1256907218#5,3.5,0.0,0.0
1256907219#0,3.5,0.0,0.0
1256907219#1,3.5,0.0,0.0
1256907219#2,3.5,0.0,0.0
1256907220#0,3.5,0.0,0.0
1256907220#1,3.5,0.0,0.0
1257746305,3.5,0.0,0.0
1257751783#0,3.5,0.0,0.0
1257751783#1,3.5,0.0,0.0
1257758359,3.5,0.0,0.0
1267345325,3.5,0.0,0.0
1267352664,3.5,0.0,0.0
1286257627#0,3.5,0.0,0.0
1286257627#1,3.5,0.0,0.0
1286257627#2,3.5,0.0,0.0
1286257627#3,3.5,0.0,0.0
1286257627#4,3.5,0.0,0.0
1286257627#5,3.5,0.0,0.0
1286257627#6,3.5,0.0,0.0
1286257628#0,3.5,0.0,0.0
1286257628#1,3.5,0.0,0.0
1286257629,3.5,0.0,0.0
1286257630#0,3.5,0.0,0.0
1286257630#1,3.5,0.0,0.0
1286257631#0,3.5,0.0,0.0
1286257631#1,3.5,0.0,0.0
1286257632#0,3.5,0.0,0.0
1286257632#1,3.5,0.0,0.0
1286257633,3.5,0.0,0.0
1288871249,3.5,0.0,0.0
1288875211,3.5,0.0,0.0
1288875212,3.5,0.0,0.0
1288875213,3.5,0.0,0.0
1288875214#0,3.5,0.0,0.0
1288875214#1,3.5,0.0,0.0
1288875214#2,3.5,0.0,0.0
1288875215,3.5,0.0,0.0
1288875216,3.5,0.0,0.0
1288875217,3.5,0.0,0.0
1288875218,3.5,0.0,0.0
1288875219,3.5,0.0,0.0
1288875220,3.5,0.0,0.0
1288875221,3.5,0.0,0.0
1288875222,3.5,0.0,0.0
1288877702#0,3.5,0.0,0.0
1288877702#1,3.5,0.0,0.0
1288877702#2,3.5,0.0,0.0
1290627935#0,3.5,0.0,0.0
1290627935#1,3.5,0.0,0.0
1290627935#2,3.5,0.0,0.0
1290627935#3,3.5,0.0,0.0
1290627935#4,3.5,0.0,0.0
1290627935#5,3.5,0.0,0.0
1290627936#0,3.5,0.0,0.0
1290627936#1,3.5,0.0,0.0
1290627936#2,3.5,0.0,0.0
1290627936#3,3.5,0.0,0.0
1290627936#4,3.5,0.0,0.0
1290627936#5,3.5,0.0,0.0
1290627937#0,3.5,0.0,0.0
1290627937#1,3.5,0.0,0.0
1290628412#0,3.5,0.0,0.0
1290628412#1,3.5,0.0,0.0
1290628412#2,3.5,0.0,0.0
1290628412#3,3.5,0.0,0.0
1290628413#0,3.5,0.0,0.0
1290628413#1,3.5,0.0,0.0
1290628413#2,3.5,0.0,0.0
1290628413#3,3.5,0.0,0.0
1290628414#0,3.5,0.0,0.0
1290628414#1,3.5,0.0,0.0
1290628415#0,3.5,0.0,0.0
1290628415#1,3.5,0.0,0.0
1290628416#0,3.5,0.0,0.0
1290628416#1,3.5,0.0,0.0
1290628417,3.5,0.0,0.0
1290628418#0,3.5,0.0,0.0
1290628418#1,3.5,0.0,0.0
1290628419#0,3.5,0.0,0.0
1290628419#1,3.5,0.0,0.0
1290628419#2,3.5,0.0,0.0
1290628419#3,3.5,0.0,0.0
1290628420#0,3.5,0.0,0.0
1290628420#1,3.5,0.0,0.0
1292347198#0,3.5,0.0,0.0
1292347198#1,3.5,0.0,0.0
1292347198#2,3.5,0.0,0.0
1292347198#3,3.5,0.0,0.0
1292347198#4,3.5,0.0,0.0
1296559527#0,3.5,0.0,0.0
1296559527#1,3.5,0.0,0.0
1296559527#2,3.5,0.0,0.0
1296559527#3,3.5,0.0,0.0
1296559527#4,3.5,0.0,0.0
1296561767#0,3.5,0.0,0.0
1296561767#1,3.5,0.0,0.0
1298038631#0,3.5,0.0,0.0
1298038631#1,3.5,0.0,0.0
1298038631#2,3.5,0.0,0.0
130528359,3.5,0.0,0.0
130528361#0,3.5,0.0,0.0
130528361#1,3.5,0.0,0.0
130546663,3.5,0.0,0.0
130546664#0,3.5,0.0,0.0
130546664#1,3.5,0.0,0.0
130546664#2,3.5,0.0,0.0
130546664#3,3.5,0.0,0.0
130547038,3.5,0.0,0.0
130547039,3.5,0.0,0.0
1306596300#0,3.5,0.0,0.0
1306596300#1,3.5,0.0,0.0
1306598704,3.5,0.0,0.0
1306754651,3.5,0.0,0.0
1306754652,3.5,0.0,0.0
130737743,3.5,0.0,0.0
130764244#0,3.5,0.0,0.0
130764244#1,3.5,0.0,0.0
130764246,3.5,0.0,0.0
130764248#0,3.5,0.0,0.0
130764248#1,3.5,0.0,0.0
130764248#2,3.5,0.0,0.0
130764248#3,3.5,0.0,0.0
130764248#4,3.5,0.0,0.0
130764248#5,3.5,0.0,0.0
130764248#6,3.5,0.0,0.0
130764248#7,3.5,0.0,0.0
130764248#8,3.5,0.0,0.0
130784151,3.5,0.0,0.0
130876649#0,3.5,0.0,0.0
130876649#1,3.5,0.0,0.0
130876651,3.5,0.0,0.0
130876652#0,3.5,0.0,0.0
130876652#1,3.5,0.0,0.0
1310060378,3.5,0.0,0.0
131333220#0,3.5,0.0,0.0
131333220#1,3.5,0.0,0.0
131333220#2,3.5,0.0,0.0
131685682#0,3.5,0.0,0.0
131685682#1,3.5,0.0,0.0
131685683#0,3.5,0.0,0.0
131685683#1,3.5,0.0,0.0
1318997550,3.5,0.0,0.0
1318997551#0,3.5,0.0,0.0
1318997551#1,3.5,0.0,0.0
1318997551#2,3.5,0.0,0.0
1318997552#0,3.5,0.0,0.0
1318997552#1,3.5,0.0,0.0
1318997564,3.5,0.0,0.0
1318997565#0,3.5,0.0,0.0
1318997565#1,3.5,0.0,0.0
1318997565#2,3.5,0.0,0.0
1318997565#3,3.5,0.0,0.0
1318997565#4,3.5,0.0,0.0
1318997565#5,3.5,0.0,0.0
1319061572#0,3.5,0.0,0.0
1319061572#1,3.5,0.0,0.0
1319847678,3.5,0.0,0.0
1320033536#0,3.5,0.0,0.0
1320033536#1,3.5,0.0,0.0
1320033536#2,3.5,0.0,0.0
1320033536#3,3.5,0.0,0.0
1320153908#0,3.5,0.0,0.0
1320153908#1,3.5,0.0,0.0
1320153909#0,3.5,0.0,0.0
1320153909#1,3.5,0.0,0.0
1320153910,3.5,0.0,0.0
1320153911#0,3.5,0.0,0.0
1320153911#1,3.5,0.0,0.0
1320153911#2,3.5,0.0,0.0
1320153911#3,3.5,0.0,0.0
13214330#0,3.5,0.0,0.0
13214330#1,3.5,0.0,0.0
13214336#0,3.5,0.0,0.0
13214336#1,3.5,0.0,0.0
13214336#10,3.5,0.0,0.0
13214336#11,3.5,0.0,0.0
13214336#2,3.5,0.0,0.0
13214336#3,3.5,0.0,0.0
13214336#4,3.5,0.0,0.0
13214336#5,3.5,0.0,0.0
13214336#6,3.5,0.0,0.0
13214336#7,3.5,0.0,0.0
13214336#8,3.5,0.0,0.0
13214336#9,3.5,0.0,0.0
13214337#0,3.5,0.0,0.0
13214337#1,3.5,0.0,0.0
13214337#2,3.5,0.0,0.0
13214337#3,3.5,0.0,0.0
13214337#4,3.5,0.0,0.0
13214337#5,3.5,0.0,0.0
13214339#0,3.5,0.0,0.0
13214339#1,3.5,0.0,0.0
13214339#10,3.5,0.0,0.0
13214339#11,3.5,0.0,0.0
13214339#2,3.5,0.0,0.0
13214339#3,3.5,0.0,0.0
13214339#4,3.5,0.0,0.0
13214339#5,3.5,0.0,0.0
13214339#6,3.5,0.0,0.0
13214339#7,3.5,0.0,0.0
13214339#8,3.5,0.0,0.0
13214339#9,3.5,0.0,0.0
13215020#0,3.5,0.0,0.0
13215020#1,3.5,0.0,0.0
13215020#2,3.5,0.0,0.0
13215020#3,3.5,0.0,0.0
13215020#4,3.5,0.0,0.0
13215022#0,3.5,0.0,0.0
13215022#1,3.5,0.0,0.0
1327811053#0,3.5,0.0,0.0
1327811053#1,3.5,0.0,0.0
1327811053#2,3.5,0.0,0.0
1327811053#3,3.5,0.0,0.0
1328845242#0,3.5,0.0,0.0
1328845242#1,3.5,0.0,0.0
1328845242#2,3.5,0.0,0.0
1328845242#3,3.5,0.0,0.0
1329605009#0,3.5,0.0,0.0
1329605009#1,3.5,0.0,0.0
1329605009#2,3.5,0.0,0.0
132963886,3.5,0.0,0.0
132963888#0,3.5,0.0,0.0
132963888#1,3.5,0.0,0.0
132964153#0,3.5,0.0,0.0
132964153#1,3.5,0.0,0.0
132964153#2,3.5,0.0,0.0
132964154,3.5,0.0,0.0
132964155#0,3.5,0.0,0.0
132964155#1,3.5,0.0,0.0
132964155#2,3.5,0.0,0.0
132964159#0,3.5,0.0,0.0
132964159#1,3.5,0.0,0.0
132964159#2,3.5,0.0,0.0
132964159#3,3.5,0.0,0.0
132964159#4,3.5,0.0,0.0
132964159#5,3.5,0.0,0.0
132964159#6,3.5,0.0,0.0
132964159#7,3.5,0.0,0.0
132964162,3.5,0.0,0.0
132964163#0,3.5,0.0,0.0
132964163#1,3.5,0.0,0.0
132964163#2,3.5,0.0,0.0
132964163#3,3.5,0.0,0.0
132964163#4,3.5,0.0,0.0
132964163#5,3.5,0.0,0.0
132964163#6,3.5,0.0,0.0
132964163#7,3.5,0.0,0.0
1347275056#0,3.5,0.0,0.0
1347275056#1,3.5,0.0,0.0
134810737,3.5,0.0,0.0
1356928835,3.5,0.0,0.0
1356928836,3.5,0.0,0.0
1356928839,3.5,0.0,0.0
1356928840,3.5,0.0,0.0
1356928841#0,3.5,0.0,0.0
1356928841#1,3.5,0.0,0.0
1356931399,3.5,0.0,0.0
1356931400#0,3.5,0.0,0.0
1356931400#1,3.5,0.0,0.0
1356931400#2,3.5,0.0,0.0
1356931401,3.5,0.0,0.0
1356931402,3.5,0.0,0.0
1356931403#0,3.5,0.0,0.0
1356931403#1,3.5,0.0,0.0
1356932210#0,3.5,0.0,0.0
1356932210#1,3.5,0.0,0.0
1357221320,3.5,0.0,0.0
1359331920#0,3.5,0.0,0.0
1359331920#1,3.5,0.0,0.0
1359331921,3.5,0.0,0.0
1359331922,3.5,0.0,0.0
1360149921,3.5,0.0,0.0
1360150946,3.5,0.0,0.0
1360150947,3.5,0.0,0.0
1360150948,3.5,0.0,0.0
1360150949,3.5,0.0,0.0
1360150950#0,3.5,0.0,0.0
1360150950#1,3.5,0.0,0.0
1360150950#2,3.5,0.0,0.0
1360150950#3,3.5,0.0,0.0
1360150950#4,3.5,0.0,0.0
136991213#0,3.5,0.0,0.0
136991213#1,3.5,0.0,0.0
136991213#2,3.5,0.0,0.0
136991213#3,3.5,0.0,0.0
136991213#4,3.5,0.0,0.0
136991213#5,3.5,0.0,0.0
136991213#6,3.5,0.0,0.0
136991215#0,3.5,0.0,0.0
136991215#1,3.5,0.0,0.0
136991215#10,3.5,0.0,0.0
136991215#11,3.5,0.0,0.0
136991215#12,3.5,0.0,0.0
136991215#13,3.5,0.0,0.0
136991215#14,3.5,0.0,0.0
136991215#2,3.5,0.0,0.0
136991215#3,3.5,0.0,0.0
136991215#4,3.5,0.0,0.0
136991215#5,3.5,0.0,0.0
136991215#6,3.5,0.0,0.0
136991215#7,3.5,0.0,0.0
136991215#8,3.5,0.0,0.0
136991215#9,3.5,0.0,0.0
136991216#0,3.5,0.0,0.0
136991216#1,3.5,0.0,0.0
136991216#2,3.5,0.0,0.0
136991216#3,3.5,0.0,0.0
136991216#4,3.5,0.0,0.0
136991216#5,3.5,0.0,0.0
136991216#6,3.5,0.0,0.0
137219545#0,3.5,0.0,0.0
137219545#1,3.5,0.0,0.0
137275197#0,3.5,0.0,0.0
137275197#1,3.5,0.0,0.0
137275197#2,3.5,0.0,0.0
137275200#0,3.5,0.0,0.0
137275200#1,3.5,0.0,0.0
138332542,3.5,0.0,0.0
138332543,3.5,0.0,0.0
138347489#0,3.5,0.0,0.0
138347489#1,3.5,0.0,0.0
138347489#2,3.5,0.0,0.0
138347489#3,3.5,0.0,0.0
138347489#4,3.5,0.0,0.0
138347489#5,3.5,0.0,0.0
138347489#6,3.5,0.0,0.0
138347489#7,3.5,0.0,0.0
138347489#8,3.5,0.0,0.0
138347498,3.5,0.0,0.0
138347505#0,3.5,0.0,0.0
138347505#1,3.5,0.0,0.0
138347505#2,3.5,0.0,0.0
138347514#0,3.5,0.0,0.0
138347514#1,3.5,0.0,0.0
138347518,3.5,0.0,0.0
138347528,3.5,0.0,0.0
138347529#0,3.5,0.0,0.0
138347529#1,3.5,0.0,0.0
138347529#2,3.5,0.0,0.0
138347530,3.5,0.0,0.0
138347533,3.5,0.0,0.0
1383792448,3.5,0.0,0.0
1383792449,3.5,0.0,0.0
138419764,3.5,0.0,0.0
138419767#0,3.5,0.0,0.0
138419767#1,3.5,0.0,0.0
138419768,3.5,0.0,0.0
138419770,3.5,0.0,0.0
138419772#0,3.5,0.0,0.0
138419772#1,3.5,0.0,0.0
138419772#2,3.5,0.0,0.0
138419772#3,3.5,0.0,0.0
138419776#0,3.5,0.0,0.0
138419776#1,3.5,0.0,0.0
138419776#2,3.5,0.0,0.0
138419778#0,3.5,0.0,0.0
138419778#1,3.5,0.0,0.0
138419778#2,3.5,0.0,0.0
138419778#3,3.5,0.0,0.0
138419778#4,3.5,0.0,0.0
138419781,3.5,0.0,0.0
138419782#0,3.5,0.0,0.0
138419782#1,3.5,0.0,0.0
138419782#2,3.5,0.0,0.0
138419783#0,3.5,0.0,0.0
138419783#1,3.5,0.0,0.0
138478933#0,3.5,0.0,0.0
138478933#1,3.5,0.0,0.0
138478933#2,3.5,0.0,0.0
138478936,3.5,0.0,0.0
138478937#0,3.5,0.0,0.0
138478937#1,3.5,0.0,0.0
138478947#0,3.5,0.0,0.0
138478947#1,3.5,0.0,0.0
138478947#2,3.5,0.0,0.0
138478951,3.5,0.0,0.0
138478952,3.5,0.0,0.0
138478953,3.5,0.0,0.0
138478955#0,3.5,0.0,0.0
138478955#1,3.5,0.0,0.0
138478955#2,3.5,0.0,0.0
138478955#3,3.5,0.0,0.0
138478955#4,3.5,0.0,0.0
138478955#5,3.5,0.0,0.0
138478955#6,3.5,0.0,0.0
138478955#7,3.5,0.0,0.0
138478958#0,3.5,0.0,0.0
138478958#1,3.5,0.0,0.0
138478958#2,3.5,0.0,0.0
138478958#3,3.5,0.0,0.0
138478958#4,3.5,0.0,0.0
138478958#5,3.5,0.0,0.0
138478958#6,3.5,0.0,0.0
138478958#7,3.5,0.0,0.0
138478958#8,3.5,0.0,0.0
138478961#0,3.5,0.0,0.0
138478961#1,3.5,0.0,0.0
138478961#2,3.5,0.0,0.0
138478961#3,3.5,0.0,0.0
138478961#4,3.5,0.0,0.0
138478961#5,3.5,0.0,0.0
138478961#6,3.5,0.0,0.0
138478961#7,3.5,0.0,0.0
138478961#8,3.5,0.0,0.0
138478961#9,3.5,0.0,0.0
138478965,3.5,0.0,0.0
138478966#0,3.5,0.0,0.0
138478966#1,3.5,0.0,0.0
138478967,3.5,0.0,0.0
138478970#0,3.5,0.0,0.0
138478970#1,3.5,0.0,0.0
138478970#2,3.5,0.0,0.0
138478970#3,3.5,0.0,0.0
138478971,3.5,0.0,0.0
138478975#0,3.5,0.0,0.0
138478975#1,3.5,0.0,0.0
138478975#2,3.5,0.0,0.0
138478976#0,3.5,0.0,0.0
138478976#1,3.5,0.0,0.0
138478976#2,3.5,0.0,0.0
1388732051,3.5,0.0,0.0
1394124507,3.5,0.0,0.0
1394124617,3.5,0.0,0.0
1394128990,3.5,0.0,0.0
140154650#0,3.5,0.0,0.0
140154650#1,3.5,0.0,0.0
140154652,3.5,0.0,0.0
140769046#0,3.5,0.0,0.0
140769046#1,3.5,0.0,0.0
140769046#10,3.5,0.0,0.0
140769046#11,3.5,0.0,0.0
140769046#12,3.5,0.0,0.0
140769046#13,3.5,0.0,0.0
140769046#14,3.5,0.0,0.0
140769046#15,3.5,0.0,0.0
140769046#16,3.5,0.0,0.0
140769046#17,3.5,0.0,0.0
140769046#18,3.5,0.0,0.0
140769046#19,3.5,0.0,0.0
140769046#2,3.5,0.0,0.0
140769046#20,3.5,0.0,0.0
140769046#21,3.5,0.0,0.0
140769046#22,3.5,0.0,0.0
140769046#23,3.5,0.0,0.0
140769046#3,3.5,0.0,0.0
140769046#4,3.5,0.0,0.0
140769046#5,3.5,0.0,0.0
140769046#6,3.5,0.0,0.0
140769046#7,3.5,0.0,0.0
140769046#8,3.5,0.0,0.0
140769046#9,3.5,0.0,0.0
140772404,3.5,0.0,0.0
140772426,3.5,0.0,0.0
140772448#0,3.5,0.0,0.0
140772448#1,3.5,0.0,0.0
140772448#2,3.5,0.0,0.0
140772448#3,3.5,0.0,0.0
140772448#4,3.5,0.0,0.0
140772448#5,3.5,0.0,0.0
1413206707,3.5,0.0,0.0
1413212083,3.5,0.0,0.0
1413212084#0,3.5,0.0,0.0
1413212084#1,3.5,0.0,0.0
1413215988#0,3.5,0.0,0.0
1413215988#1,3.5,0.0,0.0
1413215988#2,3.5,0.0,0.0
1413215988#3,3.5,0.0,0.0
1413215988#4,3.5,0.0,0.0
1413215988#5,3.5,0.0,0.0
1413218447,3.5,0.0,0.0
1413218448,3.5,0.0,0.0
1413218449,3.5,0.0,0.0
1414274495#0,3.5,0.0,0.0
1414274495#1,3.5,0.0,0.0
1414274495#2,3.5,0.0,0.0
1414837640#0,3.5,0.0,0.0
1414837640#1,3.5,0.0,0.0
1414837641,3.5,0.0,0.0
1414837642,3.5,0.0,0.0
1414837643#0,3.5,0.0,0.0
1414837643#1,3.5,0.0,0.0
1417986729#0,3.5,0.0,0.0
1417986729#1,3.5,0.0,0.0
142356185#0,3.5,0.0,0.0
142356185#1,3.5,0.0,0.0
142356187#0,3.5,0.0,0.0
142356187#1,3.5,0.0,0.0
142356187#2,3.5,0.0,0.0
142356189#0,3.5,0.0,0.0
142356189#1,3.5,0.0,0.0
142356191#0,3.5,0.0,0.0
142356191#1,3.5,0.0,0.0
142356191#2,3.5,1.0,6.916504858937352
142356191#3,3.5,0.0,0.0
1424186564#0,3.5,0.0,0.0
1424186564#1,3.5,0.0,0.0
142517766,3.5,0.0,0.0
142517768#0,3.5,0.0,0.0
142517768#1,3.5,0.0,0.0
142517769#0,3.5,0.0,0.0
142517769#1,3.5,0.0,0.0
142517769#2,3.5,0.0,0.0
142517770,3.5,0.0,0.0
142519288,3.5,0.0,0.0
142526082#0,3.5,0.0,0.0
142526082#1,3.5,0.0,0.0
142526082#2,3.5,0.0,0.0
142526085#0,3.5,0.0,0.0
142526085#1,3.5,0.0,0.0
142526085#2,3.5,0.0,0.0
142526085#3,3.5,0.0,0.0
148711386,3.5,0.0,0.0
148931328,3.5,0.0,0.0
148931329,3.5,0.0,0.0
149357411,3.5,0.0,0.0
149357414,3.5,0.0,0.0
149357417,3.5,0.0,0.0
149357424,3.5,0.0,0.0
149357425,3.5,0.0,0.0
149357431,3.5,0.0,0.0
149357434,3.5,0.0,0.0
149357439,3.5,0.0,0.0
149539964,3.5,0.0,0.0
149539965#0,3.5,0.0,0.0
149539965#1,3.5,0.0,0.0
149539965#2,3.5,0.0,0.0
149539965#3,3.5,0.0,0.0
149539965#4,3.5,0.0,0.0
149539968,3.5,0.0,0.0
149540118,3.5,0.0,0.0
149540137#0,3.5,0.0,0.0
149540137#1,3.5,0.0,0.0
149540137#2,3.5,0.0,0.0
149540137#3,3.5,0.0,0.0
149540137#4,3.5,0.0,0.0
149540138#0,3.5,0.0,0.0
149540138#1,3.5,0.0,0.0
149540140#0,3.5,0.0,0.0
149540140#1,3.5,0.0,0.0
149540140#2,3.5,0.0,0.0
149540140#3,3.5,0.0,0.0
149540142#0,3.5,0.0,0.0
149540142#1,3.5,0.0,0.0
149540142#2,3.5,0.0,0.0
14993433#0,3.5,0.0,0.0
14993433#1,3.5,0.0,0.0
14993433#2,3.5,0.0,0.0
14993433#3,3.5,0.0,0.0
14993433#4,3.5,0.0,0.0
14993433#5,3.5,0.0,0.0
14993433#6,3.5,0.0,0.0
14993436#0,3.5,0.0,0.0
14993436#1,3.5,0.0,0.0
14993436#2,3.5,0.0,0.0
14993436#3,3.5,0.0,0.0
14993436#4,3.5,0.0,0.0
14993436#5,3.5,0.0,0.0
14993436#6,3.5,0.0,0.0
14993438#0,3.5,0.0,0.0
14993438#1,3.5,0.0,0.0
14993439,3.5,0.0,0.0
14995126#0,3.5,0.0,0.0
14995126#1,3.5,0.0,0.0
150077809,3.5,0.0,0.0
150077810,3.5,0.0,0.0
150077811#0,3.5,0.0,0.0
150077811#1,3.5,0.0,0.0
150077812#0,3.5,0.0,0.0
150077812#1,3.5,0.0,0.0
150077812#2,3.5,0.0,0.0
150077812#3,3.5,0.0,0.0
150276881,3.5,0.0,0.0
152445636#0,3.5,0.0,0.0
152445636#1,3.5,0.0,0.0
152445636#2,3.5,0.0,0.0
152445660#0,3.5,0.0,0.0
152445660#1,3.5,0.0,0.0
153897364#0,3.5,0.0,0.0
153897364#1,3.5,0.0,0.0
153897364#2,3.5,0.0,0.0
153897364#3,3.5,0.0,0.0
153897364#4,3.5,0.0,0.0
153897364#5,3.5,0.0,0.0
153897369#0,3.5,0.0,0.0
153897369#1,3.5,0.0,0.0
153897369#2,3.5,0.0,0.0
153897369#3,3.5,0.0,0.0
153897369#4,3.5,0.0,0.0
153897385,3.5,0.0,0.0
155606561,3.5,0.0,0.0
159992082#0,3.5,0.0,0.0
159992082#1,3.5,0.0,0.0
159992082#2,3.5,0.0,0.0
163741959#0,3.5,0.0,0.0
163741959#1,3.5,0.0,0.0
163741959#2,3.5,0.0,0.0
167630943,3.5,0.0,0.0
171934808#0,3.5,0.0,0.0
171934808#1,3.5,0.0,0.0
171934808#2,3.5,0.0,0.0
171934808#3,3.5,0.0,0.0
171934808#4,3.5,0.0,0.0
171934808#5,3.5,0.0,0.0
171934810#0,3.5,0.0,0.0
171934810#1,3.5,0.0,0.0
177044946,3.5,0.0,0.0
177044947,3.5,0.0,0.0
177044948,3.5,0.0,0.0
177044949,3.5,0.0,0.0
177044950,3.5,0.0,0.0
193863652,3.5,0.0,0.0
193863653,3.5,0.0,0.0
193863654,3.5,0.0,0.0
199074117#0,3.5,0.0,0.0
199074117#1,3.5,0.0,0.0
209114497,3.5,0.0,0.0
209114514#0,3.5,0.0,0.0
209114514#1,3.5,0.0,0.0
209114515#0,3.5,0.0,0.0
209114515#1,3.5,0.0,0.0
209114516,3.5,0.0,0.0
209114519,3.5,0.0,0.0
209114520#0,3.5,0.0,0.0
209114520#1,3.5,0.0,0.0
209114520#2,3.5,0.0,0.0
209114520#3,3.5,0.0,0.0
209114520#4,3.5,0.0,0.0
209114520#5,3.5,0.0,0.0
209114526#0,3.5,0.0,0.0
209114526#1,3.5,0.0,0.0
209114526#2,3.5,0.0,0.0
209114526#3,3.5,0.0,0.0
209114527#0,3.5,0.0,0.0
209114527#1,3.5,0.0,0.0
209114527#2,3.5,0.0,0.0
209114527#3,3.5,0.0,0.0
209114527#4,3.5,0.0,0.0
209114527#5,3.5,0.0,0.0
209114527#6,3.5,0.0,0.0
209114527#7,3.5,0.0,0.0
211674507#0,3.5,0.0,0.0
211674507#1,3.5,0.0,0.0
211674507#2,3.5,0.0,0.0
211674507#3,3.5,0.0,0.0
211674507#4,3.5,0.0,0.0
211674507#5,3.5,0.0,0.0
211674508,3.5,0.0,0.0
211674509,3.5,0.0,0.0
211674510,3.5,0.0,0.0
211674511#0,3.5,0.0,0.0
211674511#1,3.5,0.0,0.0
211674512#0,3.5,0.0,0.0
211674512#1,3.5,0.0,0.0
211674513#0,3.5,0.0,0.0
211674513#1,3.5,0.0,0.0
22791347,3.5,0.0,0.0
229256228#0,3.5,0.0,0.0
229256228#1,3.5,0.0,0.0
229256228#2,3.5,0.0,0.0
229256228#3,3.5,0.0,0.0
256821446#0,3.5,0.0,0.0
256821446#1,3.5,0.0,0.0
257860291,3.5,0.0,0.0
25885524,3.5,0.0,0.0
259408983#0,3.5,0.0,0.0
259408983#1,3.5,0.0,0.0
259408983#2,3.5,0.0,0.0
259409009#0,3.5,0.0,0.0
259409009#1,3.5,0.0,0.0
259409010#0,3.5,0.0,0.0
259409010#1,3.5,0.0,0.0
260923013#0,3.5,0.0,0.0
260923013#1,3.5,0.0,0.0
265499397,3.5,0.0,0.0
265499402#0,3.5,1.0,6.916504858937352
265499402#1,3.5,0.0,0.0
265499402#2,3.5,0.0,0.0
265499402#3,3.5,0.0,0.0
265499402#4,3.5,0.0,0.0
265499402#5,3.5,0.0,0.0
265499402#6,3.5,0.0,0.0
265499402#7,3.5,0.0,0.0
265499406#0,3.5,0.0,0.0
265499406#1,3.5,0.0,0.0
265499406#2,3.5,0.0,0.0
265499410,3.5,0.0,0.0
265499418,3.5,0.0,0.0
26838607,3.5,0.0,0.0
27557419#0,3.5,0.0,0.0
27557419#1,3.5,0.0,0.0
27557419#2,3.5,0.0,0.0
27557419#3,3.5,0.0,0.0
27729257#0,3.5,0.0,0.0
27729257#1,3.5,0.0,0.0
286217799#0,3.5,0.0,0.0
286217799#1,3.5,0.0,0.0
294731046#0,3.5,0.0,0.0
294731046#1,3.5,0.0,0.0
294731046#2,3.5,0.0,0.0
30283192#0,3.5,0.0,0.0
30283192#1,3.5,0.0,0.0
30283192#2,3.5,0.0,0.0
30283193#0,3.5,0.0,0.0
30283193#1,3.5,0.0,0.0
30710884#0,3.5,0.0,0.0
30710884#1,3.5,0.0,0.0
30710884#2,3.5,0.0,0.0
30710884#3,3.5,0.0,0.0
30710886#0,3.5,0.0,0.0
30710886#1,3.5,0.0,0.0
30710886#2,3.5,0.0,0.0
314789414,3.5,0.0,0.0
314789426#0,3.5,0.0,0.0
314789426#1,3.5,0.0,0.0
314789426#2,3.5,0.0,0.0
314789427,3.5,0.0,0.0
314789428#0,3.5,0.0,0.0
314789428#1,3.5,0.0,0.0
314789429,3.5,0.0,0.0
314789430#0,3.5,0.0,0.0
314789430#1,3.5,0.0,0.0
314789431,3.5,0.0,0.0
314789432,3.5,0.0,0.0
314789433#0,3.5,0.0,0.0
314789433#1,3.5,0.0,0.0
314789433#2,3.5,0.0,0.0
314789433#3,3.5,0.0,0.0
314789433#4,3.5,0.0,0.0
314789434#0,3.5,0.0,0.0
314789434#1,3.5,0.0,0.0
314789435#0,3.5,0.0,0.0
314789435#1,3.5,0.0,0.0
314789436#0,3.5,0.0,0.0
314789436#1,3.5,0.0,0.0
314789437#0,3.5,0.0,0.0
314789437#1,3.5,0.0,0.0
314789437#2,3.5,0.0,0.0
314789438,3.5,0.0,0.0
314789441#0,3.5,0.0,0.0
314789441#1,3.5,0.0,0.0
314789441#2,3.5,0.0,0.0
314789441#3,3.5,0.0,0.0
314994947#0,3.5,0.0,0.0
314994947#1,3.5,0.0,0.0
335993897,3.5,0.0,0.0
33636008,3.5,0.0,0.0
33636010,3.5,0.0,0.0
34169448#0,3.5,0.0,0.0
34169448#1,3.5,0.0,0.0
34169448#10,3.5,0.0,0.0
34169448#11,3.5,0.0,0.0
34169448#12,3.5,0.0,0.0
34169448#13,3.5,0.0,0.0
34169448#14,3.5,0.0,0.0
34169448#15,3.5,0.0,0.0
34169448#16,3.5,0.0,0.0
34169448#17,3.5,0.0,0.0
34169448#18,3.5,0.0,0.0
34169448#19,3.5,0.0,0.0
34169448#2,3.5,0.0,0.0
34169448#20,3.5,0.0,0.0
34169448#21,3.5,0.0,0.0
34169448#22,3.5,0.0,0.0
34169448#23,3.5,0.0,0.0
34169448#24,3.5,0.0,0.0
34169448#25,3.5,0.0,0.0
34169448#3,3.5,0.0,0.0
34169448#4,3.5,0.0,0.0
34169448#5,3.5,0.0,0.0
34169448#6,3.5,0.0,0.0
34169448#7,3.5,0.0,0.0
34169448#8,3.5,0.0,0.0
34169448#9,3.5,0.0,0.0
342271339#0,3.5,0.0,0.0
342271339#1,3.5,0.0,0.0
37035107#0,3.5,0.0,0.0
37035107#1,3.5,0.0,0.0
370715408#0,3.5,0.0,0.0
370715408#1,3.5,0.0,0.0
370715408#2,3.5,0.0,0.0
370715408#3,3.5,0.0,0.0
371146247,3.5,0.0,0.0
371146249,3.5,0.0,0.0
371146251,3.5,0.0,0.0
371146254,3.5,0.0,0.0
371146256,3.5,0.0,0.0
371146258,3.5,0.0,0.0
371146261#0,3.5,0.0,0.0
371146261#1,3.5,0.0,0.0
371146261#10,3.5,0.0,0.0
371146261#11,3.5,0.0,0.0
371146261#12,3.5,0.0,0.0
371146261#13,3.5,0.0,0.0
371146261#14,3.5,0.0,0.0
371146261#15,3.5,0.0,0.0
371146261#16,3.5,0.0,0.0
371146261#2,3.5,0.0,0.0
371146261#3,3.5,0.0,0.0
371146261#4,3.5,0.0,0.0
371146261#5,3.5,0.0,0.0
371146261#6,3.5,0.0,0.0
371146261#7,3.5,0.0,0.0
371146261#8,3.5,0.0,0.0
371146261#9,3.5,0.0,0.0
371146267,3.5,0.0,0.0
371146269,3.5,0.0,0.0
371146270,3.5,0.0,0.0
371738277,3.5,0.0,0.0
37307581#0,3.5,0.0,0.0
37307581#1,3.5,0.0,0.0
37307581#2,3.5,0.0,0.0
382211677,3.5,0.0,0.0
382211678,3.5,0.0,0.0
382211679,3.5,0.0,0.0
38345628#0,3.5,0.0,0.0
38345628#1,3.5,0.0,0.0
389302382,3.5,0.0,0.0
393282162,3.5,0.0,0.0
393282163,3.5,0.0,0.0
393893315,3.5,0.0,0.0
393893316,3.5,0.0,0.0
395869969,3.5,0.0,0.0
397694469#0,3.5,0.0,0.0
397694469#1,3.5,0.0,0.0
397694470#0,3.5,0.0,0.0
397694470#1,3.5,0.0,0.0
4218425,3.5,0.0,0.0
4218426#0,3.5,0.0,0.0
4218426#1,3.5,0.0,0.0
4218426#2,3.5,0.0,0.0
4218426#3,3.5,0.0,0.0
4218426#4,3.5,0.0,0.0
4218426#5,3.5,0.0,0.0
4218501#0,3.5,0.0,0.0
4218501#1,3.5,0.0,0.0
4218501#2,3.5,0.0,0.0
4221183#0,3.5,0.0,0.0
4221183#1,3.5,0.0,0.0
4221188,3.5,0.0,0.0
4221189,3.5,0.0,0.0
4221193#0,3.5,0.0,0.0
4221193#1,3.5,0.0,0.0
4221193#2,3.5,0.0,0.0
4221193#3,3.5,0.0,0.0
4221194#0,3.5,0.0,0.0
4221194#1,3.5,0.0,0.0
4221194#2,3.5,0.0,0.0
4221194#3,3.5,0.0,0.0
4221194#4,3.5,0.0,0.0
4221194#5,3.5,0.0,0.0
4221194#6,3.5,0.0,0.0
42759524,3.5,0.0,0.0
42759527#0,3.5,1.0,6.916504858937352
42759527#1,3.5,0.0,0.0
43324938#0,3.5,0.0,0.0
43324938#1,3.5,0.0,0.0
43324938#2,3.5,0.0,0.0
438648463,3.5,0.0,0.0
438648464,3.5,0.0,0.0
438652661,3.5,0.0,0.0
438898635,3.5,1.0,6.916504858937352
438898636#0,3.5,0.0,0.0
438898636#1,3.5,0.0,0.0
439027697,3.5,0.0,0.0
439027698,3.5,0.0,0.0
439038669,3.5,0.0,0.0
439459110,3.5,0.0,0.0
439459111,3.5,0.0,0.0
439942510,3.5,0.0,0.0
439942512,3.5,0.0,0.0
440074586,3.5,0.0,0.0
440074587,3.5,0.0,0.0
440074589#0,3.5,0.0,0.0
440074589#1,3.5,0.0,0.0
440074589#2,3.5,0.0,0.0
450074238,3.5,0.0,0.0
450074239,3.5,0.0,0.0
450074243,3.5,0.0,0.0
450074244,3.5,0.0,0.0
454115422#0,3.5,0.0,0.0
454115422#1,3.5,0.0,0.0
454115422#2,3.5,0.0,0.0
454115422#3,3.5,0.0,0.0
454115422#4,3.5,0.0,0.0
454115422#5,3.5,0.0,0.0
454115422#6,3.5,0.0,0.0
454115422#7,3.5,0.0,0.0
454115422#8,3.5,0.0,0.0
454115423#0,3.5,0.0,0.0
454115423#1,3.5,0.0,0.0
454115423#2,3.5,0.0,0.0
454115423#3,3.5,0.0,0.0
454115424#0,3.5,0.0,0.0
454115424#1,3.5,0.0,0.0
454115425#0,3.5,0.0,0.0
454115425#1,3.5,0.0,0.0
454115426,3.5,0.0,0.0
454115427#0,3.5,0.0,0.0
454115427#1,3.5,0.0,0.0
454115430,3.5,0.0,0.0
45586343#0,3.5,0.0,0.0
45586343#1,3.5,0.0,0.0
45586343#2,3.5,0.0,0.0
45586343#3,3.5,0.0,0.0
45586344#0,3.5,0.0,0.0
45586344#1,3.5,0.0,0.0
45586344#2,3.5,0.0,0.0
45586344#3,3.5,0.0,0.0
45586344#4,3.5,0.0,0.0
45586345#0,3.5,0.0,0.0
45586345#1,3.5,0.0,0.0
45586346#0,3.5,0.0,0.0
45586346#1,3.5,0.0,0.0
45586347#0,3.5,0.0,0.0
45586347#1,3.5,0.0,0.0
45586347#2,3.5,0.0,0.0
45586347#3,3.5,0.0,0.0
45586347#4,3.5,0.0,0.0
45586347#5,3.5,0.0,0.0
45586347#6,3.5,0.0,0.0
45586349,3.5,0.0,0.0
45586352,3.5,0.0,0.0
45586353,3.5,0.0,0.0
45586354,3.5,0.0,0.0
45586355,3.5,0.0,0.0
45586357#0,3.5,0.0,0.0
45586357#1,3.5,0.0,0.0
45586358,3.5,0.0,0.0
45639055#0,3.5,0.0,0.0
45639055#1,3.5,0.0,0.0
45639055#2,3.5,0.0,0.0
45639055#3,3.5,0.0,0.0
45639058,3.5,0.0,0.0
45639060,3.5,0.0,0.0
45639061,3.5,0.0,0.0
45639062,3.5,0.0,0.0
45639063,3.5,0.0,0.0
45639066,3.5,0.0,0.0
45639067#0,3.5,0.0,0.0
45639067#1,3.5,0.0,0.0
45639068,3.5,0.0,0.0
45639070#0,3.5,0.0,0.0
45639070#1,3.5,0.0,0.0
45639071,3.5,0.0,0.0
45639072,3.5,0.0,0.0
4564865#0,3.5,0.0,0.0
4564865#1,3.5,0.0,0.0
4564865#10,3.5,0.0,0.0
4564865#11,3.5,0.0,0.0
4564865#12,3.5,0.0,0.0
4564865#13,3.5,0.0,0.0
4564865#2,3.5,0.0,0.0
4564865#3,3.5,0.0,0.0
4564865#4,3.5,0.0,0.0
4564865#5,3.5,0.0,0.0
4564865#6,3.5,0.0,0.0
4564865#7,3.5,0.0,0.0
4564865#8,3.5,0.0,0.0
4564865#9,3.5,0.0,0.0
4599173#0,3.5,0.0,0.0
4599173#1,3.5,0.0,0.0
4599174#0,3.5,0.0,0.0
4599174#1,3.5,0.0,0.0
4599174#2,3.5,0.0,0.0
4599174#3,3.5,0.0,0.0
4599341,3.5,0.0,0.0
46111334#0,3.5,0.0,0.0
46111334#1,3.5,0.0,0.0
46111334#2,3.5,0.0,0.0
46111334#3,3.5,0.0,0.0
4652504#0,3.5,0.0,0.0
4652504#1,3.5,0.0,0.0
4652504#2,3.5,0.0,0.0
4652507#0,3.5,0.0,0.0
4652507#1,3.5,0.0,0.0
4652510#0,3.5,0.0,0.0
4652510#1,3.5,0.0,0.0
4652511#0,3.5,0.0,0.0
4652511#1,3.5,0.0,0.0
4652512,3.5,0.0,0.0
4693851,3.5,0.0,0.0
4693899#0,3.5,0.0,0.0
4693899#1,3.5,0.0,0.0
4706796,3.5,0.0,0.0
4706984#0,3.5,0.0,0.0
4706984#1,3.5,0.0,0.0
4706984#2,3.5,0.0,0.0
4706984#3,3.5,0.0,0.0
4708726#0,3.5,0.0,0.0
4708726#1,3.5,0.0,0.0
4708726#2,3.5,0.0,0.0
4708779,3.5,0.0,0.0
4723915,3.5,0.0,0.0
4723916#0,3.5,0.0,0.0
4723916#1,3.5,0.0,0.0
4723926,3.5,0.0,0.0
4723927,3.5,0.0,0.0
4723928,3.5,1.0,6.916504858937352
4724425,3.5,0.0,0.0
4726237,3.5,0.0,0.0
4726265#0,3.5,0.0,0.0
4726265#1,3.5,0.0,0.0
4726268,3.5,0.0,0.0
4726269,3.5,0.0,0.0
4726271#0,3.5,0.0,0.0
4726271#1,3.5,0.0,0.0
474600186#0,3.5,0.0,0.0
474600186#1,3.5,0.0,0.0
474600186#2,3.5,0.0,0.0
474600186#3,3.5,0.0,0.0
474600186#4,3.5,0.0,0.0
474600186#5,3.5,0.0,0.0
474600186#6,3.5,0.0,0.0
474600186#7,3.5,0.0,0.0
474601148,3.5,0.0,0.0
4746895#0,3.5,0.0,0.0
4746895#1,3.5,0.0,0.0
4754792,3.5,0.0,0.0
4756454#0,3.5,0.0,0.0
4756454#1,3.5,0.0,0.0
4756455#0,3.5,0.0,0.0
4756455#1,3.5,0.0,0.0
4756455#2,3.5,0.0,0.0
4756455#3,3.5,0.0,0.0
4756456,3.5,0.0,0.0
4756457#0,3.5,0.0,0.0
4756457#1,3.5,0.0,0.0
4756457#2,3.5,0.0,0.0
4756576#0,3.5,0.0,0.0
4756576#1,3.5,0.0,0.0
4760369#0,3.5,0.0,0.0
4760369#1,3.5,1.0,6.916504858937352
4760369#2,3.5,0.0,0.0
4760371,3.5,0.0,0.0
4778286#0,3.5,0.0,0.0
4778286#1,3.5,0.0,0.0
4778286#2,3.5,0.0,0.0
4778724,3.5,0.0,0.0
4824557#0,3.5,0.0,0.0
4824557#1,3.5,0.0,0.0
4824567#0,3.5,0.0,0.0
4824567#1,3.5,0.0,0.0
4824568#0,3.5,0.0,0.0
4824568#1,3.5,0.0,0.0
4824568#2,3.5,0.0,0.0
4824570#0,3.5,0.0,0.0
4824570#1,3.5,0.0,0.0
4824571#0,3.5,0.0,0.0
4824571#1,3.5,0.0,0.0
4824571#2,3.5,0.0,0.0
4824571#3,3.5,0.0,0.0
4824571#4,3.5,0.0,0.0
4824571#5,3.5,0.0,0.0
4824571#6,3.5,0.0,0.0
4824571#7,3.5,0.0,0.0
4824571#8,3.5,0.0,0.0
4824572,3.5,0.0,0.0
4824573#0,3.5,0.0,0.0
4824573#1,3.5,0.0,0.0
4824573#2,3.5,0.0,0.0
4824695#0,3.5,0.0,0.0
4824695#1,3.5,0.0,0.0
4824695#2,3.5,0.0,0.0
4824695#3,3.5,0.0,0.0
4824697#0,3.5,0.0,0.0
4824697#1,3.5,0.0,0.0
4824697#2,3.5,0.0,0.0
4824697#3,3.5,0.0,0.0
4824698#0,3.5,0.0,0.0
4824698#1,3.5,0.0,0.0
4824700#0,3.5,0.0,0.0
4824700#1,3.5,0.0,0.0
4824700#2,3.5,0.0,0.0
4824700#3,3.5,0.0,0.0
4824702#0,3.5,0.0,0.0
4824702#1,3.5,0.0,0.0
4824702#2,3.5,0.0,0.0
4824703#0,3.5,0.0,0.0
4824703#1,3.5,0.0,0.0
4824703#2,3.5,0.0,0.0
4824703#3,3.5,0.0,0.0
4824703#4,3.5,0.0,0.0
4824703#5,3.5,0.0,0.0
4824704#0,3.5,0.0,0.0
4824704#1,3.5,0.0,0.0
4824704#10,3.5,0.0,0.0
4824704#2,3.5,0.0,0.0
4824704#3,3.5,0.0,0.0
4824704#4,3.5,0.0,0.0
4824704#5,3.5,0.0,0.0
4824704#6,3.5,0.0,0.0
4824704#7,3.5,0.0,0.0
4824704#8,3.5,0.0,0.0
4824704#9,3.5,0.0,0.0
4824707,3.5,0.0,0.0
4824708,3.5,0.0,0.0
4824709,3.5,0.0,0.0
4824710,3.5,0.0,0.0
4824711,3.5,0.0,0.0
4824712,3.5,0.0,0.0
4824713,3.5,0.0,0.0
4827448#0,3.5,0.0,0.0
4827448#1,3.5,0.0,0.0
4827475#0,3.5,0.0,0.0
4827475#1,3.5,0.0,0.0
4828723#0,3.5,0.0,0.0
4828723#1,3.5,0.0,0.0
4828723#2,3.5,0.0,0.0
4828723#3,3.5,0.0,0.0
4828723#4,3.5,0.0,0.0
4828724,3.5,0.0,0.0
4828726#0,3.5,0.0,0.0
4828726#1,3.5,0.0,0.0
4828726#2,3.5,0.0,0.0
4828726#3,3.5,0.0,0.0
4828839,3.5,0.0,0.0
4828841#0,3.5,0.0,0.0
4828841#1,3.5,0.0,0.0
4834297#0,3.5,0.0,0.0
4834297#1,3.5,0.0,0.0
4836593,3.5,0.0,0.0
4836600#0,3.5,0.0,0.0
4836600#1,3.5,0.0,0.0
4850354,3.5,0.0,0.0
4877725,3.5,0.0,0.0
491821443,3.5,0.0,0.0
49513602#0,3.5,0.0,0.0
49513602#1,3.5,0.0,0.0
49513602#2,3.5,0.0,0.0
50123950#0,3.5,0.0,0.0
50123950#1,3.5,0.0,0.0
50265759#0,3.5,0.0,0.0
50265759#1,3.5,0.0,0.0
507328054,3.5,0.0,0.0
537946540#0,3.5,0.0,0.0
537946540#1,3.5,0.0,0.0
537946540#2,3.5,0.0,0.0
537946540#3,3.5,0.0,0.0
537946542,3.5,0.0,0.0
537946543,3.5,0.0,0.0
537946545,3.5,0.0,0.0
537946547,3.5,0.0,0.0
537946549,3.5,0.0,0.0
537946552#0,3.5,0.0,0.0
537946552#1,3.5,0.0,0.0
537946552#2,3.5,0.0,0.0
537946552#3,3.5,0.0,0.0
537946552#4,3.5,0.0,0.0
537946552#5,3.5,0.0,0.0
537946552#6,3.5,0.0,0.0
537946554#0,3.5,0.0,0.0
537946554#1,3.5,0.0,0.0
537957144,3.5,0.0,0.0
537957146#0,3.5,0.0,0.0
537957146#1,3.5,0.0,0.0
537957147,3.5,0.0,0.0
537957148,3.5,0.0,0.0
537957149,3.5,0.0,0.0
537957150#0,3.5,0.0,0.0
537957150#1,3.5,0.0,0.0
537957150#2,3.5,0.0,0.0
537957150#3,3.5,0.0,0.0
537957150#4,3.5,0.0,0.0
538967640#0,3.5,0.0,0.0
538967640#1,3.5,0.0,0.0
538967640#2,3.5,0.0,0.0
538967642,3.5,0.0,0.0
538970942#0,3.5,0.0,0.0
538970942#1,3.5,0.0,0.0
538970942#2,3.5,0.0,0.0
538970942#3,3.5,0.0,0.0
538970943#0,3.5,0.0,0.0
538970943#1,3.5,0.0,0.0
538970943#2,3.5,0.0,0.0
538970944,3.5,0.0,0.0
538970945,3.5,0.0,0.0
54170891#0,3.5,0.0,0.0
54170891#1,3.5,0.0,0.0
54461785,3.5,0.0,0.0
545222280,3.5,0.0,0.0
545222281,3.5,0.0,0.0
545222282,3.5,0.0,0.0
545222283,3.5,0.0,0.0
545222284,3.5,0.0,0.0
545222285,3.5,0.0,0.0
545222286#0,3.5,0.0,0.0
545222286#1,3.5,0.0,0.0
545222288#0,3.5,0.0,0.0
545222288#1,3.5,0.0,0.0
545222292#0,3.5,0.0,0.0
545222292#1,3.5,0.0,0.0
545222292#2,3.5,0.0,0.0
545222292#3,3.5,0.0,0.0
545222292#4,3.5,0.0,0.0
545222293#0,3.5,0.0,0.0
545222293#1,3.5,0.0,0.0
545222293#2,3.5,0.0,0.0
545222293#3,3.5,0.0,0.0
545222293#4,3.5,0.0,0.0
545222294,3.5,0.0,0.0
545222295,3.5,0.0,0.0
545222296,3.5,0.0,0.0
545222297,3.5,0.0,0.0
545222298#0,3.5,0.0,0.0
545222298#1,3.5,0.0,0.0
545222298#2,3.5,0.0,0.0
545223479,3.5,0.0,0.0
545223481,3.5,0.0,0.0
545231862,3.5,0.0,0.0
545231863#0,3.5,0.0,0.0
545231863#1,3.5,0.0,0.0
545231863#2,3.5,0.0,0.0
545231864,3.5,0.0,0.0
545231865,3.5,0.0,0.0
545231866,3.5,0.0,0.0
545231870,3.5,0.0,0.0
545231871,3.5,0.0,0.0
545231872,3.5,0.0,0.0
545231873#0,3.5,0.0,0.0
545231873#1,3.5,0.0,0.0
545231873#2,3.5,0.0,0.0
545231873#3,3.5,0.0,0.0
545231873#4,3.5,0.0,0.0
545231874#0,3.5,0.0,0.0
545231874#1,3.5,0.0,0.0
545231874#2,3.5,0.0,0.0
545231874#3,3.5,0.0,0.0
545231875,3.5,0.0,0.0
545231876,3.5,0.0,0.0
545231877,3.5,0.0,0.0
545231878,3.5,0.0,0.0
545231879,3.5,0.0,0.0
545231880,3.5,0.0,0.0
545231881,3.5,0.0,0.0
545231882,3.5,0.0,0.0
545231883,3.5,0.0,0.0
545231884#0,3.5,0.0,0.0
545231884#1,3.5,0.0,0.0
545231885,3.5,0.0,0.0
545231886#0,3.5,0.0,0.0
545231886#1,3.5,0.0,0.0
545231886#2,3.5,0.0,0.0
545234048#0,3.5,0.0,0.0
545234048#1,3.5,0.0,0.0
545234052,3.5,0.0,0.0
545234054,3.5,0.0,0.0
545234056,3.5,0.0,0.0
545234058,3.5,0.0,0.0
545234061,3.5,0.0,0.0
545234063,3.5,0.0,0.0
545234065,3.5,0.0,0.0
545234067,3.5,0.0,0.0
545234068,3.5,0.0,0.0
545234071,3.5,0.0,0.0
545234073#0,3.5,0.0,0.0
545234073#1,3.5,0.0,0.0
545234073#2,3.5,0.0,0.0
545234073#3,3.5,0.0,0.0
545234076,3.5,0.0,0.0
545234078,3.5,0.0,0.0
545234080#0,3.5,0.0,0.0
545234080#1,3.5,0.0,0.0
545234080#2,3.5,0.0,0.0
545234080#3,3.5,0.0,0.0
545234080#4,3.5,0.0,0.0
545234080#5,3.5,0.0,0.0
545234080#6,3.5,0.0,0.0
545234084,3.5,0.0,0.0
545234086#0,3.5,0.0,0.0
545234086#1,3.5,0.0,0.0
545234088,3.5,0.0,0.0
545234091,3.5,0.0,0.0
545234093,3.5,0.0,0.0
545234095,3.5,0.0,0.0
564739311,3.5,0.0,0.0
577711968#0,3.5,0.0,0.0
577711968#1,3.5,0.0,0.0
577711969#0,3.5,0.0,0.0
577711969#1,3.5,0.0,0.0
577711970#0,3.5,0.0,0.0
577711970#1,3.5,0.0,0.0
577711970#2,3.5,0.0,0.0
577711970#3,3.5,0.0,0.0
577711971#0,3.5,0.0,0.0
577711971#1,3.5,0.0,0.0
577711971#2,3.5,0.0,0.0
578150498#0,3.5,0.0,0.0
578150498#1,3.5,0.0,0.0
59850911#0,3.5,0.0,0.0
59850911#1,3.5,0.0,0.0
59850911#2,3.5,0.0,0.0
59850911#3,3.5,0.0,0.0
59850911#4,3.5,0.0,0.0
59850911#5,3.5,0.0,0.0
59851521#0,3.5,0.0,0.0
59851521#1,3.5,0.0,0.0
59851521#2,3.5,0.0,0.0
59851521#3,3.5,0.0,0.0
59851521#4,3.5,0.0,0.0
59851521#5,3.5,0.0,0.0
59851521#6,3.5,0.0,0.0
59851521#7,3.5,0.0,0.0
59851743#0,3.5,0.0,0.0
59851743#1,3.5,0.0,0.0
59851844#0,3.5,0.0,0.0
59851844#1,3.5,0.0,0.0
59869096#0,3.5,0.0,0.0
59869096#1,3.5,0.0,0.0
59869096#2,3.5,0.0,0.0
60734111#0,3.5,0.0,0.0
60734111#1,3.5,0.0,0.0
60734111#10,3.5,0.0,0.0
60734111#11,3.5,0.0,0.0
60734111#2,3.5,0.0,0.0
60734111#3,3.5,0.0,0.0
60734111#4,3.5,0.0,0.0
60734111#5,3.5,0.0,0.0
60734111#6,3.5,0.0,0.0
60734111#7,3.5,0.0,0.0
60734111#8,3.5,0.0,0.0
60734111#9,3.5,0.0,0.0
60734122,3.5,0.0,0.0
60734129#0,3.5,0.0,0.0
60734129#1,3.5,0.0,0.0
60734129#2,3.5,0.0,0.0
60734129#3,3.5,0.0,0.0
60734129#4,3.5,0.0,0.0
60734129#5,3.5,0.0,0.0
60963617#0,3.5,0.0,0.0
60963617#1,3.5,0.0,0.0
60963617#2,3.5,0.0,0.0
60963617#3,3.5,0.0,0.0
60963617#4,3.5,0.0,0.0
60963617#5,3.5,0.0,0.0
60963617#6,3.5,0.0,0.0
60963617#7,3.5,0.0,0.0
60963617#8,3.5,0.0,0.0
60963617#9,3.5,0.0,0.0
60963620#0,3.5,0.0,0.0
60963620#1,3.5,0.0,0.0
60963620#2,3.5,0.0,0.0
61785473#0,3.5,0.0,0.0
61785473#1,3.5,0.0,0.0
61785473#10,3.5,0.0,0.0
61785473#11,3.5,0.0,0.0
61785473#12,3.5,0.0,0.0
61785473#13,3.5,0.0,0.0
61785473#14,3.5,0.0,0.0
61785473#2,3.5,0.0,0.0
61785473#3,3.5,0.0,0.0
61785473#4,3.5,0.0,0.0
61785473#5,3.5,0.0,0.0
61785473#6,3.5,0.0,0.0
61785473#7,3.5,0.0,0.0
61785473#8,3.5,0.0,0.0
61785473#9,3.5,0.0,0.0
61893919,3.5,0.0,0.0
61893920,3.5,0.0,0.0
61893921,3.5,0.0,0.0
623861923,3.5,0.0,0.0
627278687,3.5,0.0,0.0
627278688,3.5,0.0,0.0
627457417#0,3.5,0.0,0.0
627457417#1,3.5,0.0,0.0
627457417#10,3.5,0.0,0.0
627457417#11,3.5,0.0,0.0
627457417#12,3.5,0.0,0.0
627457417#13,3.5,0.0,0.0
627457417#14,3.5,0.0,0.0
627457417#15,3.5,0.0,0.0
627457417#16,3.5,0.0,0.0
627457417#2,3.5,0.0,0.0
627457417#3,3.5,0.0,0.0
627457417#4,3.5,0.0,0.0
627457417#5,3.5,0.0,0.0
627457417#6,3.5,0.0,0.0
627457417#7,3.5,0.0,0.0
627457417#8,3.5,0.0,0.0
627457417#9,3.5,0.0,0.0
62788582#0,3.5,0.0,0.0
62788582#1,3.5,0.0,0.0
62788582#2,3.5,0.0,0.0
628383147#0,3.5,0.0,0.0
628383147#1,3.5,0.0,0.0
628383147#2,3.5,0.0,0.0
628383147#3,3.5,0.0,0.0
628383147#4,3.5,0.0,0.0
628383147#5,3.5,0.0,0.0
628383147#6,3.5,0.0,0.0
628383147#7,3.5,0.0,0.0
628383147#8,3.5,0.0,0.0
66227364#0,3.5,0.0,0.0
66227364#1,3.5,0.0,0.0
66227388#0,3.5,0.0,0.0
66227388#1,3.5,0.0,0.0
66227390#0,3.5,0.0,0.0
66227390#1,3.5,0.0,0.0
66227390#2,3.5,0.0,0.0
665610740,3.5,0.0,0.0
665610741,3.5,0.0,0.0
66993632#0,3.5,0.0,0.0
66993632#1,3.5,0.0,0.0
66993632#2,3.5,0.0,0.0
66993636#0,3.5,0.0,0.0
66993636#1,3.5,0.0,0.0
66993637#0,3.5,0.0,0.0
66993637#1,3.5,0.0,0.0
671832297#0,3.5,0.0,0.0
671832297#1,3.5,0.0,0.0
672385596,3.5,0.0,0.0
672385599#0,3.5,0.0,0.0
672385599#1,3.5,0.0,0.0
672385601#0,3.5,0.0,0.0
672385601#1,3.5,0.0,0.0
672385601#2,3.5,0.0,0.0
672385606,3.5,0.0,0.0
676073620#0,3.5,0.0,0.0
676073620#1,3.5,0.0,0.0
676073622,3.5,0.0,0.0
676073623,3.5,0.0,0.0
676073624#0,3.5,0.0,0.0
676073624#1,3.5,0.0,0.0
676073625,3.5,0.0,0.0
682283961,3.5,0.0,0.0
682283962#0,3.5,0.0,0.0
682283962#1,3.5,0.0,0.0
682283962#2,3.5,0.0,0.0
682283962#3,3.5,0.0,0.0
682283964,3.5,0.0,0.0
682283975,3.5,0.0,0.0
682283977,3.5,0.0,0.0
682283978,3.5,0.0,0.0
682283980,3.5,0.0,0.0
682283981,3.5,0.0,0.0
682283982,3.5,0.0,0.0
682283984#0,3.5,0.0,0.0
682283984#1,3.5,0.0,0.0
682283985,3.5,0.0,0.0
682283986,3.5,0.0,0.0
682283987,3.5,0.0,0.0
682283988,3.5,0.0,0.0
682283989,3.5,0.0,0.0
682283990,3.5,0.0,0.0
682283992,3.5,0.0,0.0
682283993#0,3.5,0.0,0.0
682283993#1,3.5,0.0,0.0
682283993#2,3.5,0.0,0.0
682283993#3,3.5,0.0,0.0
682283993#4,3.5,0.0,0.0
682283994#0,3.5,0.0,0.0
682283994#1,3.5,0.0,0.0
682283994#2,3.5,0.0,0.0
682283995,3.5,0.0,0.0
682283996#0,3.5,0.0,0.0
682283996#1,3.5,0.0,0.0
682283997,3.5,0.0,0.0
682283998,3.5,0.0,0.0
682283999,3.5,0.0,0.0
682284000,3.5,0.0,0.0
682284001#0,3.5,0.0,0.0
682284001#1,3.5,0.0,0.0
682284002,3.5,0.0,0.0
682284003,3.5,0.0,0.0
682284004,3.5,0.0,0.0
682284005,3.5,0.0,0.0
682284007,3.5,0.0,0.0
682284008,3.5,0.0,0.0
682284009,3.5,0.0,0.0
682284011#0,3.5,0.0,0.0
682284011#1,3.5,0.0,0.0
682284011#2,3.5,0.0,0.0
682284013,3.5,0.0,0.0
682284017#0,3.5,0.0,0.0
682284017#1,3.5,0.0,0.0
682284017#2,3.5,0.0,0.0
682284018,3.5,0.0,0.0
682284020#0,3.5,0.0,0.0
682284020#1,3.5,0.0,0.0
682284020#2,3.5,0.0,0.0
682284021,3.5,0.0,0.0
682284023,3.5,0.0,0.0
682284025#0,3.5,0.0,0.0
682284025#1,3.5,0.0,0.0
682284025#2,3.5,0.0,0.0
682284025#3,3.5,0.0,0.0
682284025#4,3.5,0.0,0.0
682284026,3.5,0.0,0.0
682284027,3.5,0.0,0.0
682287255,3.5,0.0,0.0
682287576,3.5,0.0,0.0
682287577,3.5,0.0,0.0
687042986,3.5,0.0,0.0
728109153,3.5,0.0,0.0
728109154,3.5,0.0,0.0
728109155#0,3.5,0.0,0.0
728109155#1,3.5,0.0,0.0
728109156,3.5,0.0,0.0
731731245,3.5,0.0,0.0
733140772,3.5,0.0,0.0
749163056,3.5,0.0,0.0
749604882#0,3.5,0.0,0.0
749604882#1,3.5,0.0,0.0
749604882#2,3.5,0.0,0.0
761304958,3.5,0.0,0.0
761304959#0,3.5,0.0,0.0
761304959#1,3.5,0.0,0.0
761304960#0,3.5,0.0,0.0
761304960#1,3.5,0.0,0.0
761304961,3.5,0.0,0.0
761304962#0,3.5,0.0,0.0
761304962#1,3.5,0.0,0.0
761304963,3.5,0.0,0.0
761304964#0,3.5,0.0,0.0
761304964#1,3.5,0.0,0.0
761304965,3.5,0.0,0.0
761304966,3.5,0.0,0.0
761304967#0,3.5,0.0,0.0
761304967#1,3.5,0.0,0.0
761304967#2,3.5,0.0,0.0
761304968#0,3.5,0.0,0.0
761304968#1,3.5,0.0,0.0
761304969#0,3.5,0.0,0.0
761304969#1,3.5,0.0,0.0
761304969#2,3.5,0.0,0.0
761304969#3,3.5,0.0,0.0
761304970,3.5,0.0,0.0
761304971#0,3.5,0.0,0.0
761304971#1,3.5,0.0,0.0
761304971#2,3.5,0.0,0.0
761304971#3,3.5,0.0,0.0
761304971#4,3.5,0.0,0.0
761304971#5,3.5,0.0,0.0
761304971#6,3.5,0.0,0.0
761304971#7,3.5,0.0,0.0
761304972#0,3.5,0.0,0.0
761304972#1,3.5,0.0,0.0
761304972#2,3.5,0.0,0.0
761304972#3,3.5,0.0,0.0
761304972#4,3.5,0.0,0.0
761304973#0,3.5,0.0,0.0
761304973#1,3.5,0.0,0.0
761304973#2,3.5,0.0,0.0
761304973#3,3.5,0.0,0.0
761304973#4,3.5,0.0,0.0
761304973#5,3.5,0.0,0.0
761304973#6,3.5,0.0,0.0
761304974,3.5,0.0,0.0
761304975#0,3.5,0.0,0.0
761304975#1,3.5,0.0,0.0
761304976#0,3.5,0.0,0.0
761304976#1,3.5,0.0,0.0
761304976#2,3.5,0.0,0.0
761304976#3,3.5,0.0,0.0
761304977#0,3.5,0.0,0.0
761304977#1,3.5,0.0,0.0
761304977#2,3.5,0.0,0.0
761304977#3,3.5,0.0,0.0
761304978#0,3.5,0.0,0.0
761304978#1,3.5,0.0,0.0
761304978#2,3.5,0.0,0.0
761304978#3,3.5,0.0,0.0
761304978#4,3.5,0.0,0.0
761304979#0,3.5,0.0,0.0
761304979#1,3.5,0.0,0.0
761304980#0,3.5,0.0,0.0
761304980#1,3.5,0.0,0.0
761304981#0,3.5,0.0,0.0
761304981#1,3.5,0.0,0.0
761304981#10,3.5,0.0,0.0
761304981#11,3.5,0.0,0.0
761304981#12,3.5,0.0,0.0
761304981#13,3.5,0.0,0.0
761304981#14,3.5,0.0,0.0
761304981#15,3.5,0.0,0.0
761304981#16,3.5,0.0,0.0
761304981#17,3.5,0.0,0.0
761304981#18,3.5,0.0,0.0
761304981#19,3.5,0.0,0.0
761304981#2,3.5,0.0,0.0
761304981#20,3.5,0.0,0.0
761304981#3,3.5,0.0,0.0
761304981#4,3.5,0.0,0.0
761304981#5,3.5,0.0,0.0
761304981#6,3.5,0.0,0.0
761304981#7,3.5,0.0,0.0
761304981#8,3.5,0.0,0.0
761304981#9,3.5,0.0,0.0
761304982#0,3.5,0.0,0.0
761304982#1,3.5,0.0,0.0
761304982#2,3.5,0.0,0.0
761304983#0,3.5,0.0,0.0
761304983#1,3.5,0.0,0.0
761304983#10,3.5,0.0,0.0
761304983#11,3.5,0.0,0.0
761304983#12,3.5,0.0,0.0
761304983#13,3.5,0.0,0.0
761304983#14,3.5,0.0,0.0
761304983#15,3.5,0.0,0.0
761304983#16,3.5,0.0,0.0
761304983#17,3.5,0.0,0.0
761304983#18,3.5,0.0,0.0
761304983#2,3.5,0.0,0.0
761304983#3,3.5,0.0,0.0
761304983#4,3.5,0.0,0.0
761304983#5,3.5,0.0,0.0
761304983#6,3.5,0.0,0.0
761304983#7,3.5,0.0,0.0
761304983#8,3.5,0.0,0.0
761304983#9,3.5,0.0,0.0
773759798,3.5,0.0,0.0
776306939,3.5,0.0,0.0
785300142,3.5,0.0,0.0
788607084,3.5,0.0,0.0
788690105,3.5,0.0,0.0
815241742,3.5,0.0,0.0
81532693#0,3.5,0.0,0.0
81532693#1,3.5,0.0,0.0
81532718#0,3.5,0.0,0.0
81532718#1,3.5,0.0,0.0
819874586#0,3.5,0.0,0.0
819874586#1,3.5,0.0,0.0
819874586#2,3.5,0.0,0.0
819874586#3,3.5,0.0,0.0
819874587#0,3.5,0.0,0.0
819874587#1,3.5,0.0,0.0
819874588#0,3.5,0.0,0.0
819874588#1,3.5,0.0,0.0
819874588#2,3.5,0.0,0.0
820142257#0,3.5,0.0,0.0
820142257#1,3.5,0.0,0.0
820142257#2,3.5,0.0,0.0
820142542,3.5,0.0,0.0
820142543#0,3.5,0.0,0.0
820142543#1,3.5,0.0,0.0
820142590#0,3.5,0.0,0.0
820142590#1,3.5,0.0,0.0
820142591,3.5,0.0,0.0
826401830#0,3.5,0.0,0.0
826401830#1,3.5,0.0,0.0
826401830#2,3.5,0.0,0.0
826401830#3,3.5,0.0,0.0
826401830#4,3.5,0.0,0.0
826401831,3.5,0.0,0.0
833822283,3.5,0.0,0.0
833822284#0,3.5,0.0,0.0
833822284#1,3.5,0.0,0.0
833822284#2,3.5,0.0,0.0
833822284#3,3.5,0.0,0.0
833822285,3.5,0.0,0.0
833822286,3.5,0.0,0.0
833822287,3.5,0.0,0.0
84657862#0,3.5,0.0,0.0
84657862#1,3.5,0.0,0.0
84657863#0,3.5,0.0,0.0
84657863#1,3.5,0.0,0.0
84657863#2,3.5,0.0,0.0
84657863#3,3.5,0.0,0.0
84657863#4,3.5,0.0,0.0
84657863#5,3.5,0.0,0.0
84657864#0,3.5,0.0,0.0
84657864#1,3.5,0.0,0.0
84657864#2,3.5,0.0,0.0
84657865,3.5,0.0,0.0
84657866#0,3.5,0.0,0.0
84657866#1,3.5,0.0,0.0
84657866#2,3.5,0.0,0.0
84657867#0,3.5,0.0,0.0
84657867#1,3.5,0.0,0.0
84657869#0,3.5,0.0,0.0
84657869#1,3.5,0.0,0.0
84657869#2,3.5,0.0,0.0
84657869#3,3.5,0.0,0.0
84657870#0,3.5,0.0,0.0
84657870#1,3.5,0.0,0.0
84657870#2,3.5,0.0,0.0
84657872#0,3.5,0.0,0.0
84657872#1,3.5,0.0,0.0
84657872#2,3.5,0.0,0.0
84657872#3,3.5,0.0,0.0
84657872#4,3.5,0.0,0.0
849709593#0,3.5,0.0,0.0
849709593#1,3.5,0.0,0.0
849709595#0,3.5,0.0,0.0
849709595#1,3.5,0.0,0.0
850526279,3.5,0.0,0.0
850531092,3.5,0.0,0.0
850531093#0,3.5,0.0,0.0
850531093#1,3.5,0.0,0.0
850531094#0,3.5,0.0,0.0
850531094#1,3.5,0.0,0.0
850531095,3.5,0.0,0.0
850531096#0,3.5,0.0,0.0
850531096#1,3.5,0.0,0.0
850531096#2,3.5,0.0,0.0
850531096#3,3.5,0.0,0.0
850531096#4,3.5,0.0,0.0
850531096#5,3.5,0.0,0.0
850805712#0,3.5,0.0,0.0
850805712#1,3.5,0.0,0.0
850805713,3.5,0.0,0.0
875177716,3.5,0.0,0.0
875178139#0,3.5,0.0,0.0
875178139#1,3.5,0.0,0.0
88111450,3.5,0.0,0.0
891060523,3.5,1.0,6.916504858937352
897164393#0,3.5,0.0,0.0
897164393#1,3.5,0.0,0.0
897164394#0,3.5,0.0,0.0
897164394#1,3.5,0.0,0.0
897678925#0,3.5,0.0,0.0
897678925#1,3.5,0.0,0.0
897678925#2,3.5,0.0,0.0
897678925#3,3.5,0.0,0.0
898538734,3.5,0.0,0.0
902313342#0,3.5,0.0,0.0
902313342#1,3.5,0.0,0.0
902313625#0,3.5,0.0,0.0
902313625#1,3.5,0.0,0.0
90697744,3.5,0.0,0.0
90697745,3.5,0.0,0.0
92713221,3.5,0.0,0.0
928805373,3.5,0.0,0.0
928805374#0,3.5,0.0,0.0
928805374#1,3.5,0.0,0.0
928805374#2,3.5,0.0,0.0
928805374#3,3.5,0.0,0.0
928805374#4,3.5,0.0,0.0
928805379,3.5,0.0,0.0
928805380#0,3.5,0.0,0.0
928805380#1,3.5,0.0,0.0
928805380#2,3.5,0.0,0.0
928805380#3,3.5,0.0,0.0
928805381#0,3.5,0.0,0.0
928805381#1,3.5,0.0,0.0
928805382#0,3.5,0.0,0.0
928805382#1,3.5,0.0,0.0
928805382#2,3.5,0.0,0.0
928805382#3,3.5,0.0,0.0
928805382#4,3.5,0.0,0.0
928805382#5,3.5,0.0,0.0
928805383,3.5,0.0,0.0
928805384,3.5,0.0,0.0
928805385,3.5,0.0,0.0
928805386#0,3.5,0.0,0.0
928805386#1,3.5,0.0,0.0
928805386#2,3.5,0.0,0.0
928805387#0,3.5,0.0,0.0
928805387#1,3.5,0.0,0.0
928805387#2,3.5,0.0,0.0
928805387#3,3.5,0.0,0.0
928805387#4,3.5,0.0,0.0
928805387#5,3.5,0.0,0.0
928805387#6,3.5,0.0,0.0
928805387#7,3.5,0.0,0.0
928805388#0,3.5,0.0,0.0
928805388#1,3.5,0.0,0.0
928805388#2,3.5,0.0,0.0
928805389,3.5,0.0,0.0
928805390,3.5,0.0,0.0
928805391,3.5,0.0,0.0
928805392#0,3.5,0.0,0.0
928805392#1,3.5,0.0,0.0
928805392#2,3.5,0.0,0.0
928805392#3,3.5,0.0,0.0
928805392#4,3.5,0.0,0.0
928805393#0,3.5,0.0,0.0
928805393#1,3.5,0.0,0.0
928805393#2,3.5,0.0,0.0
928805393#3,3.5,0.0,0.0
941482574#0,3.5,0.0,0.0
941482574#1,3.5,0.0,0.0
941482574#2,3.5,0.0,0.0
941482574#3,3.5,0.0,0.0
941482574#4,3.5,0.0,0.0
941482574#5,3.5,0.0,0.0
941482574#6,3.5,0.0,0.0
944308468,3.5,0.0,0.0
945521473#0,3.5,0.0,0.0
945521473#1,3.5,0.0,0.0
945521473#2,3.5,0.0,0.0
945521473#3,3.5,0.0,0.0
945521474,3.5,0.0,0.0
946010929,3.5,0.0,0.0
946010962,3.5,0.0,0.0
948234903,3.5,0.0,0.0
948235692,3.5,0.0,0.0
948235693,3.5,0.0,0.0
951716890,3.5,0.0,0.0
951716891#0,3.5,0.0,0.0
951716891#1,3.5,0.0,0.0
951716892,3.5,0.0,0.0
951716893,3.5,0.0,0.0
951716894#0,3.5,0.0,0.0
951716894#1,3.5,0.0,0.0
951716894#2,3.5,0.0,0.0
951716894#3,3.5,0.0,0.0
951716895,3.5,0.0,0.0
951716896,3.5,0.0,0.0
951716897#0,3.5,0.0,0.0
951716897#1,3.5,0.0,0.0
951716897#2,3.5,0.0,0.0
951716897#3,3.5,0.0,0.0
951716897#4,3.5,0.0,0.0
951716898#0,3.5,0.0,0.0
951716898#1,3.5,0.0,0.0
951716898#2,3.5,0.0,0.0
951716898#3,3.5,0.0,0.0
951716899#0,3.5,0.0,0.0
951716899#1,3.5,0.0,0.0
951716899#2,3.5,0.0,0.0
951716900#0,3.5,0.0,0.0
951716900#1,3.5,0.0,0.0
951716900#2,3.5,0.0,0.0
951716900#3,3.5,0.0,0.0
951716900#4,3.5,0.0,0.0
952055355,3.5,0.0,0.0
952055356,3.5,0.0,0.0
952055357,3.5,0.0,0.0
954363982,3.5,0.0,0.0
954363983#0,3.5,0.0,0.0
954363983#1,3.5,0.0,0.0
954363984#0,3.5,0.0,0.0
954363984#1,3.5,0.0,0.0
954363985#0,3.5,0.0,0.0
954363985#1,3.5,0.0,0.0
954363985#2,3.5,0.0,0.0
954363986,3.5,0.0,0.0
954363987,3.5,0.0,0.0
954363988,3.5,0.0,0.0
954363989#0,3.5,0.0,0.0
954363989#1,3.5,0.0,0.0
954363989#2,3.5,0.0,0.0
954363989#3,3.5,0.0,0.0
954363989#4,3.5,0.0,0.0
954363989#5,3.5,0.0,0.0
954363990,3.5,0.0,0.0
954363991#0,3.5,0.0,0.0
954363991#1,3.5,0.0,0.0
954363991#2,3.5,0.0,0.0
954363992,3.5,0.0,0.0
954363993#0,3.5,0.0,0.0
954363993#1,3.5,0.0,0.0
95943940,3.5,0.0,0.0
96060337#0,3.5,0.0,0.0
96060337#1,3.5,0.0,0.0
96060337#10,3.5,0.0,0.0
96060337#11,3.5,0.0,0.0
96060337#2,3.5,0.0,0.0
96060337#3,3.5,0.0,0.0
96060337#4,3.5,0.0,0.0
96060337#5,3.5,0.0,0.0
96060337#6,3.5,0.0,0.0
96060337#7,3.5,0.0,0.0
96060337#8,3.5,0.0,0.0
96060337#9,3.5,0.0,0.0
961342026#0,3.5,0.0,0.0
961342026#1,3.5,0.0,0.0
961342027,3.5,0.0,0.0
96136747#0,3.5,0.0,0.0
96136747#1,3.5,0.0,0.0
96136748#0,3.5,0.0,0.0
96136748#1,3.5,0.0,0.0
966682112#0,3.5,0.0,0.0
966682112#1,3.5,0.0,0.0
966682112#2,3.5,0.0,0.0
967106863,3.5,0.0,0.0
967106864#0,3.5,0.0,0.0
967106864#1,3.5,0.0,0.0
967106865#0,3.5,0.0,0.0
967106865#1,3.5,0.0,0.0
967106866,3.5,0.0,0.0
969880194,3.5,0.0,0.0
976108083#0,3.5,0.0,0.0
976108083#1,3.5,0.0,0.0
976108083#2,3.5,0.0,0.0
977371501,3.5,0.0,0.0
977371502,3.5,0.0,0.0
977371722,3.5,0.0,0.0
977371723#0,3.5,0.0,0.0
977371723#1,3.5,0.0,0.0
9792389,3.5,0.0,0.0
9792393#0,3.5,0.0,0.0
9792393#1,3.5,0.0,0.0
98428996#0,3.5,0.0,0.0
98428996#1,3.5,0.0,0.0
98428996#2,3.5,0.0,0.0
98428996#3,3.5,0.0,0.0
98637955#0,3.5,0.0,0.0
98637955#1,3.5,0.0,0.0
98637955#2,3.5,0.0,0.0
98637955#3,3.5,0.0,0.0
98637955#4,3.5,0.0,0.0
98637955#5,3.5,0.0,0.0
98638605,3.5,0.0,0.0
98638606#0,3.5,0.0,0.0
98638606#1,3.5,0.0,0.0
:10132117748_0,3.5,0.0,0.0
:10132117754_0,3.5,0.0,0.0
:10301193336_0,3.5,0.0,0.0
:10301193367_0,3.5,0.0,0.0
:10301193367_1,3.5,0.0,0.0
:10301193367_2,3.5,0.0,0.0
:10301193367_3,3.5,0.0,0.0
:10301193386_0,3.5,0.0,0.0
:10301193395_0,3.5,0.0,0.0
:10301193395_1,3.5,0.0,0.0
:10301193395_10,3.5,0.0,0.0
:10301193395_11,3.5,0.0,0.0
:10301193395_12,3.5,0.0,0.0
:10301193395_13,3.5,0.0,0.0
:10301193395_14,3.5,0.0,0.0
:10301193395_15,3.5,0.0,0.0
:10301193395_16,3.5,0.0,0.0
:10301193395_17,3.5,0.0,0.0
:10301193395_18,3.5,0.0,0.0
:10301193395_2,3.5,0.0,0.0
:10301193395_3,3.5,0.0,0.0
:10301193395_4,3.5,0.0,0.0
:10301193395_5,3.5,0.0,0.0
:10301193395_6,3.5,0.0,0.0
:10301193395_7,3.5,0.0,0.0
:10301193395_8,3.5,0.0,0.0
:10301193395_9,3.5,0.0,0.0
:10310773535_0,3.5,0.0,0.0
:10310773535_1,3.5,0.0,0.0
:10310773535_2,3.5,0.0,0.0
:10310773535_3,3.5,0.0,0.0
:10310773535_4,3.5,0.0,0.0
:10310773535_5,3.5,0.0,0.0
:10310802909_0,3.5,0.0,0.0
:10310802909_1,3.5,0.0,0.0
:10310802910_0,3.5,0.0,0.0
:10310802910_1,3.5,0.0,0.0
:10310802911_0,3.5,0.0,0.0
:10310802911_1,3.5,0.0,0.0
:10310802913_0,3.5,0.0,0.0
:10310802913_1,3.5,0.0,0.0
:10559598126_0,3.5,0.0,0.0
:10559598126_1,3.5,0.0,0.0
:10559598134_0,3.5,0.0,0.0
:10751453114_0,3.5,0.0,0.0
:10751453114_1,3.5,0.0,0.0
:10751453114_2,3.5,0.0,0.0
:10751453114_3,3.5,0.0,0.0
:10751453114_4,3.5,0.0,0.0
:10751453114_5,3.5,0.0,0.0
:10751453114_6,3.5,0.0,0.0
:10751453114_7,3.5,0.0,0.0
:10751453114_8,3.5,0.0,0.0
:10751453115_0,3.5,0.0,0.0
:10751453115_1,3.5,0.0,0.0
:10751453115_2,3.5,0.0,0.0
:10751453115_3,3.5,0.0,0.0
:10751453116_0,3.5,0.0,0.0
:10751453116_1,3.5,0.0,0.0
:10751453116_2,3.5,0.0,0.0
:10751453116_3,3.5,0.0,0.0
:10751453118_0,3.5,0.0,0.0
:10751453118_1,3.5,0.0,0.0
:10751453118_2,3.5,0.0,0.0
:10751453118_3,3.5,0.0,0.0
:10751453118_4,3.5,0.0,0.0
:10751453118_5,3.5,0.0,0.0
:10751453118_6,3.5,0.0,0.0
:10751453118_7,3.5,0.0,0.0
:10751453118_8,3.5,0.0,0.0
:10751453120_0,3.5,0.0,0.0
:10751453120_1,3.5,0.0,0.0
:10751453120_2,3.5,0.0,0.0
:10751453120_3,3.5,0.0,0.0
:10751453120_4,3.5,0.0,0.0
:10751453120_5,3.5,0.0,0.0
:10751453120_6,3.5,0.0,0.0
:10751453120_7,3.5,0.0,0.0
:10751453120_8,3.5,0.0,0.0
:10751453121_0,3.5,0.0,0.0
:10762053020_0,3.5,0.0,0.0
:10762053020_1,3.5,0.0,0.0
:10762053021_0,3.5,0.0,0.0
:10762053021_1,3.5,0.0,0.0
:10762053021_2,3.5,0.0,0.0
:10762053021_3,3.5,0.0,0.0
:10762053021_4,3.5,0.0,0.0
:1111667440_0,3.5,0.0,0.0
:1111667444_0,3.5,0.0,0.0
:11163038265_0,3.5,0.0,0.0
:11188399934_0,3.5,0.0,0.0
:11188399934_1,3.5,0.0,0.0
:11216167557_0,3.5,0.0,0.0
:11216167557_1,3.5,0.0,0.0
:11216167560_0,3.5,0.0,0.0
:11267223270_0,3.5,0.0,0.0
:11267223270_1,3.5,0.0,0.0
:11582139219_0,3.5,0.0,0.0
:11582139219_1,3.5,0.0,0.0
:11582139219_2,3.5,0.0,0.0
:11582139219_3,3.5,0.0,0.0
:11582139219_4,3.5,0.0,0.0
:11582139219_5,3.5,0.0,0.0
:11582139219_6,3.5,0.0,0.0
:11582139219_7,3.5,0.0,0.0
:11582139220_0,3.5,0.0,0.0
:11582139220_1,3.5,0.0,0.0
:11582139221_0,3.5,0.0,0.0
:11582139222_0,3.5,0.0,0.0
:11582139223_0,3.5,0.0,0.0
:11582139223_1,3.5,0.0,0.0
:11663692391_0,3.5,0.0,0.0
:11663692391_1,3.5,0.0,0.0
:11663692391_2,3.5,0.0,0.0
:11663692391_3,3.5,0.0,0.0
:11663692392_0,3.5,0.0,0.0
:11663692392_1,3.5,0.0,0.0
:11663692393_0,3.5,0.0,0.0
:11663692393_1,3.5,0.0,0.0
:11663692393_2,3.5,0.0,0.0
:11663692393_3,3.5,0.0,0.0
:11663692394_0,3.5,0.0,0.0
:11663692394_1,3.5,0.0,0.0
:11663692395_0,3.5,0.0,0.0
:11663692395_1,3.5,0.0,0.0
:11663692396_0,3.5,0.0,0.0
:11663692399_0,3.5,0.0,0.0
:11663692399_1,3.5,0.0,0.0
:11663692399_2,3.5,0.0,0.0
:11663692399_3,3.5,0.0,0.0
:11663692399_4,3.5,0.0,0.0
:11663692399_5,3.5,0.0,0.0
:11663692399_6,3.5,0.0,0.0
:11663692399_7,3.5,0.0,0.0
:11663692400_0,3.5,0.0,0.0
:11663692400_1,3.5,0.0,0.0
:11663692401_0,3.5,0.0,0.0
:11663692401_1,3.5,0.0,0.0
:11663692401_2,3.5,0.0,0.0
:11663692401_3,3.5,0.0,0.0
:11663692405_0,3.5,0.0,0.0
:11663692405_1,3.5,0.0,0.0
:11663692406_0,3.5,0.0,0.0
:11663692406_1,3.5,0.0,0.0
:11663692406_2,3.5,0.0,0.0
:11663692406_3,3.5,0.0,0.0
:11663692406_4,3.5,0.0,0.0
:11663692406_5,3.5,0.0,0.0
:11663692406_6,3.5,0.0,0.0
:11663692406_7,3.5,0.0,0.0
:11663692407_0,3.5,0.0,0.0
:11663692407_1,3.5,0.0,0.0
:11685006956_0,3.5,0.0,0.0
:11685006956_1,3.5,0.0,0.0
:11693458686_0,3.5,0.0,0.0
:11693468900_0,3.5,0.0,0.0
:11693468900_1,3.5,0.0,0.0
:11818165932_0,3.5,0.0,0.0
:11818165932_1,3.5,0.0,0.0
:11831304507_0,3.5,0.0,0.0
:11831304507_1,3.5,0.0,0.0
:11831304507_2,3.5,0.0,0.0
:11831304507_3,3.5,0.0,0.0
:11930604359_0,3.5,0.0,0.0
:11930604360_0,3.5,0.0,0.0
:11930604360_1,3.5,0.0,0.0
:11930604360_2,3.5,0.0,0.0
:11930604360_3,3.5,0.0,0.0
:11930604360_4,3.5,0.0,0.0
:11930604360_5,3.5,0.0,0.0
:11930604360_6,3.5,0.0,0.0
:11930604360_7,3.5,0.0,0.0
:11930604363_0,3.5,0.0,0.0
:11930604365_0,3.5,0.0,0.0
:11930604365_1,3.5,0.0,0.0
:11930604365_2,3.5,0.0,0.0
:11930604365_3,3.5,0.0,0.0
:11930604365_4,3.5,0.0,0.0
:11930604365_5,3.5,0.0,0.0
:11930604366_0,3.5,0.0,0.0
:11930604366_1,3.5,0.0,0.0
:11930604366_2,3.5,0.0,0.0
:11930604366_3,3.5,0.0,0.0
:11930604366_4,3.5,0.0,0.0
:11930604366_5,3.5,0.0,0.0
:11930604366_6,3.5,0.0,0.0
:11930604366_7,3.5,0.0,0.0
:11930604367_0,3.5,0.0,0.0
:11930604367_1,3.5,0.0,0.0
:11930604367_2,3.5,0.0,0.0
:11930604367_3,3.5,0.0,0.0
:11930604367_4,3.5,0.0,0.0
:11930604367_5,3.5,0.0,0.0
:11930604368_0,3.5,0.0,0.0
:11951576013_0,3.5,0.0,0.0
:11951576013_1,3.5,0.0,0.0
:11951576013_2,3.5,0.0,0.0
:11951576013_3,3.5,0.0,0.0
:11951576013_4,3.5,0.0,0.0
:11951576013_5,3.5,0.0,0.0
:11951576013_6,3.5,0.0,0.0
:11951576013_7,3.5,0.0,0.0
:11951576014_0,3.5,0.0,0.0
:11951576014_1,3.5,0.0,0.0
:11951576015_0,3.5,0.0,0.0
:11951576015_1,3.5,0.0,0.0
:11951576016_0,3.5,0.0,0.0
:11951576018_0,3.5,0.0,0.0
:11951576018_1,3.5,0.0,0.0
:11951576018_2,3.5,0.0,0.0
:11951576018_3,3.5,0.0,0.0
:11951576018_4,3.5,0.0,0.0
:11951576018_5,3.5,0.0,0.0
:11951576018_6,3.5,0.0,0.0
:11951576018_7,3.5,0.0,0.0
:11951576019_0,3.5,0.0,0.0
:11951576019_1,3.5,0.0,0.0
:11951576020_0,3.5,0.0,0.0
:11951576020_1,3.5,0.0,0.0
:11951576030_0,3.5,0.0,0.0
:11951576030_1,3.5,0.0,0.0
:11951576030_2,3.5,0.0,0.0
:11951576030_3,3.5,0.0,0.0
:11951576030_4,3.5,0.0,0.0
:11951576030_5,3.5,0.0,0.0
:11951576030_6,3.5,0.0,0.0
:11951576030_7,3.5,0.0,0.0
:11951576030_8,3.5,0.0,0.0
:11951576031_0,3.5,0.0,0.0
:11951576031_1,3.5,0.0,0.0
:11951576031_2,3.5,0.0,0.0
:11951576031_3,3.5,0.0,0.0
:11951576031_4,3.5,0.0,0.0
:11951576031_5,3.5,0.0,0.0
:11951576031_6,3.5,0.0,0.0
:11951576031_7,3.5,0.0,0.0
:11951576031_8,3.5,0.0,0.0
:11951576032_0,3.5,0.0,0.0
:11951576032_1,3.5,0.0,0.0
:11951576032_2,3.5,0.0,0.0
:11951576032_3,3.5,0.0,0.0
:11951576032_4,3.5,0.0,0.0
:11951576032_5,3.5,0.0,0.0
:11951576032_6,3.5,0.0,0.0
:11951576032_7,3.5,0.0,0.0
:11951576033_0,3.5,0.0,0.0
:11951576033_1,3.5,0.0,0.0
:11951576034_0,3.5,0.0,0.0
:11951576034_1,3.5,0.0,0.0
:11951576036_0,3.5,0.0,0.0
:11951576036_1,3.5,0.0,0.0
:11951576036_2,3.5,0.0,0.0
:11951576036_3,3.5,0.0,0.0
:11951576036_4,3.5,0.0,0.0
:11951576036_5,3.5,0.0,0.0
:11951576036_6,3.5,0.0,0.0
:11951576036_7,3.5,0.0,0.0
:11951576037_0,3.5,0.0,0.0
:11951576037_1,3.5,0.0,0.0
:11951576038_0,3.5,0.0,0.0
:11951576038_1,3.5,0.0,0.0
:11951576040_0,3.5,0.0,0.0
:11951616901_0,3.5,0.0,0.0
:11951616901_1,3.5,0.0,0.0
:11951616901_2,3.5,0.0,0.0
:11951616901_3,3.5,0.0,0.0
:11951616901_4,3.5,0.0,0.0
:11951616901_5,3.5,0.0,0.0
:11951616901_6,3.5,0.0,0.0
:11951616901_7,3.5,0.0,0.0
:11951616901_8,3.5,0.0,0.0
:11951616906_0,3.5,0.0,0.0
:11951616906_1,3.5,0.0,0.0
:11966302076_0,3.5,0.0,0.0
:11966302078_0,3.5,0.0,0.0
:11966302097_0,3.5,0.0,0.0
:11966302098_0,3.5,0.0,0.0
:11966302101_0,3.5,0.0,0.0
:119763934_0,3.5,0.0,0.0
:119763934_1,3.5,0.0,0.0
:119763937_0,3.5,0.0,0.0
:119763937_1,3.5,0.0,0.0
:119763939_0,3.5,0.0,0.0
:12014301144_0,3.5,0.0,0.0
:12014301144_1,3.5,0.0,0.0
:12014301144_2,3.5,0.0,0.0
:12014301144_3,3.5,0.0,0.0
:12014301144_4,3.5,0.0,0.0
:12014301144_5,3.5,0.0,0.0
:12014301144_6,3.5,0.0,0.0
:12014301144_7,3.5,0.0,0.0
:12014327575_0,3.5,0.0,0.0
:12014327575_1,3.5,0.0,0.0
:12014327575_2,3.5,0.0,0.0
:12014327575_3,3.5,0.0,0.0
:12014327575_4,3.5,0.0,0.0
:12014327575_5,3.5,0.0,0.0
:12014327575_6,3.5,0.0,0.0
:12014327575_7,3.5,0.0,0.0
:12014327575_8,3.5,0.0,0.0
:121892920_0,3.5,0.0,0.0
:121892920_1,3.5,0.0,0.0
:121892920_2,3.5,0.0,0.0
:121892920_3,3.5,0.0,0.0
:121892954_0,3.5,0.0,0.0
:12206920158_0,3.5,0.0,0.0
:12207394452_0,3.5,0.0,0.0
:12207394452_1,3.5,0.0,0.0
:12207394453_0,3.5,0.0,0.0
:12207394453_1,3.5,0.0,0.0
:12207394454_0,3.5,0.0,0.0
:12207394454_2,3.5,0.0,0.0
:12207394454_3,3.5,0.0,0.0
:12207394454_4,3.5,0.0,0.0
:12207394463_0,3.5,0.0,0.0
:12207394463_2,3.5,0.0,0.0
:12207394465_0,3.5,0.0,0.0
:12207394465_1,3.5,0.0,0.0
:12207394465_11,3.5,0.0,0.0
:12207394465_12,3.5,0.0,0.0
:12207394465_13,3.5,0.0,0.0
:12207394465_14,3.5,0.0,0.0
:12207394465_15,3.5,0.0,0.0
:12207394465_16,3.5,0.0,0.0
:12207394465_17,3.5,0.0,0.0
:12207394465_3,3.5,0.0,0.0
:12207394465_4,3.5,0.0,0.0
:12207394465_5,3.5,0.0,0.0
:12207394465_6,3.5,0.0,0.0
:12207394465_7,3.5,0.0,0.0
:12207394465_8,3.5,0.0,0.0
:12207394465_9,3.5,0.0,0.0
:12207394466_0,3.5,0.0,0.0
:12207394466_2,3.5,0.0,0.0
:12207394466_3,3.5,0.0,0.0
:12207394466_4,3.5,0.0,0.0
:12207394466_6,3.5,0.0,0.0
:12207394468_0,3.5,0.0,0.0
:12207394468_1,3.5,0.0,0.0
:12207394468_10,3.5,0.0,0.0
:12207394468_11,3.5,0.0,0.0
:12207394468_12,3.5,0.0,0.0
:12207394468_3,3.5,0.0,0.0
:12207394468_4,3.5,0.0,0.0
:12207394468_5,3.5,0.0,0.0
:12207394468_6,3.5,0.0,0.0
:12207394468_7,3.5,0.0,0.0
:12207394468_8,3.5,0.0,0.0
:12207394468_9,3.5,0.0,0.0
:12207394469_0,3.5,0.0,0.0
:12207394469_10,3.5,0.0,0.0
:12207394469_11,3.5,0.0,0.0
:12207394469_12,3.5,0.0,0.0
:12207394469_2,3.5,0.0,0.0
:12207394469_3,3.5,0.0,0.0
:12207394469_4,3.5,0.0,0.0
:12207394469_5,3.5,0.0,0.0
:12207394469_6,3.5,0.0,0.0
:12207394469_7,3.5,0.0,0.0
:12207394469_8,3.5,0.0,0.0
:12207394469_9,3.5,0.0,0.0
:12216655098_0,3.5,0.0,0.0
:12216655099_0,3.5,0.0,0.0
:12216655100_0,3.5,0.0,0.0
:12301436060_0,3.5,0.0,0.0
:12301436062_0,3.5,0.0,0.0
:12301436062_1,3.5,0.0,0.0
:12301436063_0,3.5,0.0,0.0
:12301436063_2,3.5,0.0,0.0
:12301436063_3,3.5,0.0,0.0
:12301436063_5,3.5,0.0,0.0
:12301436063_6,3.5,0.0,0.0
:12301436064_0,3.5,0.0,0.0
:12301436064_1,3.5,0.0,0.0
:12301436065_0,3.5,0.0,0.0
:12301436066_0,3.5,0.0,0.0
:12301436066_1,3.5,0.0,0.0
:12301436066_2,3.5,0.0,0.0
:12301436071_0,3.5,0.0,0.0
:12301436071_1,3.5,0.0,0.0
:12301436072_0,3.5,0.0,0.0
:12301436075_0,3.5,0.0,0.0
:12301436075_1,3.5,0.0,0.0
:12301436076_0,3.5,0.0,0.0
:12301436076_2,3.5,0.0,0.0
:12301436076_3,3.5,0.0,0.0
:12301436076_4,3.5,0.0,0.0
:12301436076_5,3.5,0.0,0.0
:12301436077_0,3.5,0.0,0.0
:12301436077_1,3.5,0.0,0.0
:12301436078_0,3.5,0.0,0.0
:12302283549_0,3.5,0.0,0.0
:12302283549_1,3.5,0.0,0.0
:12302283549_3,3.5,0.0,0.0
:12302283549_4,3.5,0.0,0.0
:12516227350_0,3.5,0.0,0.0
:12516227364_0,3.5,0.0,0.0
:12516227365_0,3.5,0.0,0.0
:12516227366_0,3.5,0.0,0.0
:12516227367_0,3.5,0.0,0.0
:12516227368_0,3.5,0.0,0.0
:12516227370_0,3.5,0.0,0.0
:12516227371_0,3.5,0.0,0.0
:12516227372_0,3.5,0.0,0.0
:12516227376_0,3.5,0.0,0.0
:12516227377_0,3.5,0.0,0.0
:12516227378_0,3.5,0.0,0.0
:12516227379_0,3.5,0.0,0.0
:12516227380_0,3.5,0.0,0.0
:12516227380_1,3.5,0.0,0.0
:12516227387_0,3.5,0.0,0.0
:12516227390_0,3.5,0.0,0.0
:12516227391_0,3.5,0.0,0.0
:12516227394_0,3.5,0.0,0.0
:12516227395_0,3.5,0.0,0.0
:12516227396_0,3.5,0.0,0.0
:12559029109_0,3.5,0.0,0.0
:12582221138_0,3.5,0.0,0.0
:12582221139_0,3.5,0.0,0.0
:12590729967_0,3.5,0.0,0.0
:12590729968_0,3.5,0.0,0.0
:12590729968_1,3.5,0.0,0.0
:12590729968_2,3.5,0.0,0.0
:12590729968_3,3.5,0.0,0.0
:12590729968_4,3.5,0.0,0.0
:12590729968_5,3.5,0.0,0.0
:12590729968_6,3.5,0.0,0.0
:12590729968_7,3.5,0.0,0.0
:12590729968_8,3.5,0.0,0.0
:12590729969_0,3.5,0.0,0.0
:12590729970_0,3.5,0.0,0.0
:12590729970_1,3.5,0.0,0.0
:12590729970_2,3.5,0.0,0.0
:12590729970_3,3.5,0.0,0.0
:12590729970_4,3.5,0.0,0.0
:12590729970_5,3.5,0.0,0.0
:12590729970_6,3.5,0.0,0.0
:12590729970_7,3.5,0.0,0.0
:12590729970_8,3.5,0.0,0.0
:12590729971_0,3.5,0.0,0.0
:12590729972_0,3.5,0.0,0.0
:12590729972_1,3.5,0.0,0.0
:12590729972_2,3.5,0.0,0.0
:12590729972_3,3.5,0.0,0.0
:12590729972_4,3.5,0.0,0.0
:12590729972_5,3.5,0.0,0.0
:12590729972_6,3.5,0.0,0.0
:12590729972_7,3.5,0.0,0.0
:12590729972_8,3.5,0.0,0.0
:12590729973_0,3.5,0.0,0.0
:12590729974_0,3.5,0.0,0.0
:12590729974_1,3.5,0.0,0.0
:12590729974_2,3.5,0.0,0.0
:12590729974_3,3.5,0.0,0.0
:12590729974_4,3.5,0.0,0.0
:12590729974_5,3.5,0.0,0.0
:12590729974_6,3.5,0.0,0.0
:12590729974_7,3.5,0.0,0.0
:12590729974_8,3.5,0.0,0.0
:12590729975_0,3.5,0.0,0.0
:12811864882_0,3.5,0.0,0.0
:12811864882_1,3.5,0.0,0.0
:12811864883_0,3.5,0.0,0.0
:12898779_0,3.5,0.0,0.0
:12898779_2,3.5,0.0,0.0
:12905482326_0,3.5,0.0,0.0
:12987322214_0,3.5,0.0,0.0
:12987322215_0,3.5,0.0,0.0
:12987322216_0,3.5,0.0,0.0
:13266652915_0,3.5,0.0,0.0
:1345894342_0,3.5,0.0,0.0
:13714269_0,3.5,0.0,0.0
:13714269_1,3.5,0.0,0.0
:13714290_0,3.5,0.0,0.0
:13714329_0,3.5,0.0,0.0
:13714329_1,3.5,0.0,0.0
:13796123_0,3.5,0.0,0.0
:13796123_2,3.5,0.0,0.0
:13796123_3,3.5,0.0,0.0
:13796123_5,3.5,0.0,0.0
:13796123_6,3.5,0.0,0.0
:13796140_0,3.5,0.0,0.0
:1437299350_0,3.5,0.0,0.0
:1437299350_1,3.5,0.0,0.0
:1437299350_2,3.5,0.0,0.0
:1437299350_3,3.5,0.0,0.0
:1437299350_4,3.5,0.0,0.0
:1437299350_5,3.5,0.0,0.0
:1437387995_0,3.5,0.0,0.0
:1437387998_0,3.5,0.0,0.0
:1437397184_0,3.5,0.0,0.0
:1437397184_1,3.5,0.0,0.0
:1437397186_0,3.5,0.0,0.0
:1437397186_1,3.5,0.0,0.0
:1437397187_0,3.5,0.0,0.0
:1437397187_1,3.5,0.0,0.0
:1437482489_0,3.5,0.0,0.0
:1437482489_2,3.5,0.0,0.0
:1437482495_0,3.5,0.0,0.0
:1437482513_0,3.5,0.0,0.0
:1437482513_1,3.5,0.0,0.0
:1437482522_0,3.5,0.0,0.0
:1437482522_1,3.5,0.0,0.0
:1437482522_2,3.5,0.0,0.0
:1437482522_3,3.5,0.0,0.0
:1437482523_0,3.5,0.0,0.0
:1437482524_0,3.5,0.0,0.0
:1437485369_0,3.5,0.0,0.0
:1437485369_1,3.5,0.0,0.0
:1437485369_2,3.5,0.0,0.0
:1437485369_3,3.5,0.0,0.0
:1437485390_0,3.5,0.0,0.0
:1437485390_1,3.5,0.0,0.0
:1437485390_2,3.5,0.0,0.0
:1437485390_3,3.5,0.0,0.0
:1437485390_4,3.5,0.0,0.0
:1437485390_7,3.5,0.0,0.0
:1437485399_0,3.5,0.0,0.0
:1437485402_0,3.5,0.0,0.0
:1439089605_0,3.5,0.0,0.0
:1439089663_0,3.5,0.0,0.0
:1439089663_1,3.5,0.0,0.0
:1439089664_0,3.5,0.0,0.0
:1439096905_0,3.5,0.0,0.0
:1439096905_2,3.5,0.0,0.0
:1439096907_0,3.5,0.0,0.0
:1439096907_1,3.5,0.0,0.0
:1439361004_0,3.5,0.0,0.0
:1439361004_1,3.5,0.0,0.0
:1439361024_0,3.5,0.0,0.0
:1439361024_1,3.5,0.0,0.0
:1439361024_2,3.5,0.0,0.0
:1439361024_3,3.5,0.0,0.0
:1439361029_0,3.5,0.0,0.0
:1439361029_1,3.5,0.0,0.0
:1439361029_2,3.5,0.0,0.0
:1439361029_3,3.5,0.0,0.0
:1439544539_0,3.5,0.0,0.0
:1445646724_0,3.5,0.0,0.0
:1445646727_0,3.5,0.0,0.0
:1445646727_1,3.5,0.0,0.0
:1445646727_10,3.5,0.0,0.0
:1445646727_11,3.5,0.0,0.0
:1445646727_2,3.5,0.0,0.0
:1445646727_3,3.5,0.0,0.0
:1445646727_4,3.5,0.0,0.0
:1445646727_5,3.5,0.0,0.0
:1445646727_6,3.5,0.0,0.0
:1445646727_7,3.5,0.0,0.0
:1445646727_8,3.5,0.0,0.0
:1445646727_9,3.5,0.0,0.0
:1445646731_0,3.5,0.0,0.0
:1446481931_0,3.5,0.0,0.0
:1446481931_1,3.5,0.0,0.0
:1449036484_0,3.5,0.0,0.0
:1449036488_0,3.5,0.0,0.0
:1449036489_0,3.5,0.0,0.0
:1449036492_0,3.5,0.0,0.0
:1449036493_0,3.5,0.0,0.0
:1463042304_0,3.5,0.0,0.0
:1463042530_0,3.5,0.0,0.0
:1463042761_0,3.5,0.0,0.0
:1463042761_1,3.5,0.0,0.0
:1463042761_10,3.5,0.0,0.0
:1463042761_11,3.5,0.0,0.0
:1463042761_2,3.5,0.0,0.0
:1463042761_3,3.5,0.0,0.0
:1463042761_4,3.5,0.0,0.0
:1463042761_5,3.5,0.0,0.0
:1463042761_6,3.5,0.0,0.0
:1463042761_7,3.5,0.0,0.0
:1463042761_8,3.5,0.0,0.0
:1463042761_9,3.5,0.0,0.0
:1463042945_0,3.5,0.0,0.0
:1463043220_0,3.5,0.0,0.0
:1463043220_1,3.5,0.0,0.0
:1463043220_10,3.5,0.0,0.0
:1463043220_11,3.5,0.0,0.0
:1463043220_12,3.5,0.0,0.0
:1463043220_2,3.5,0.0,0.0
:1463043220_3,3.5,0.0,0.0
:1463043220_4,3.5,0.0,0.0
:1463043220_5,3.5,0.0,0.0
:1463043220_6,3.5,0.0,0.0
:1463043220_7,3.5,0.0,0.0
:1463043220_8,3.5,0.0,0.0
:1463043220_9,3.5,0.0,0.0
:1463043263_0,3.5,0.0,0.0
:1463043263_1,3.5,0.0,0.0
:1463043264_0,3.5,0.0,0.0
:1463043264_1,3.5,0.0,0.0
:1463043264_10,3.5,0.0,0.0
:1463043264_11,3.5,0.0,0.0
:1463043264_12,3.5,0.0,0.0
:1463043264_13,3.5,0.0,0.0
:1463043264_2,3.5,0.0,0.0
:1463043264_3,3.5,0.0,0.0
:1463043264_4,3.5,0.0,0.0
:1463043264_5,3.5,0.0,0.0
:1463043264_6,3.5,0.0,0.0
:1463043264_7,3.5,0.0,0.0
:1463043265_0,3.5,0.0,0.0
:1463043265_1,3.5,0.0,0.0
:1463043266_0,3.5,0.0,0.0
:1463043266_1,3.5,0.0,0.0
:1463043283_0,3.5,0.0,0.0
:1463043283_1,3.5,0.0,0.0
:1463043285_0,3.5,0.0,0.0
:1463043285_1,3.5,0.0,0.0
:1463043285_2,3.5,0.0,0.0
:1463043285_3,3.5,0.0,0.0
:1463043285_4,3.5,0.0,0.0
:1463043285_5,3.5,0.0,0.0
:1463043285_6,3.5,0.0,0.0
:1463043285_7,3.5,0.0,0.0
:1463043285_8,3.5,0.0,0.0
:1463043285_9,3.5,0.0,0.0
:1463043287_0,3.5,0.0,0.0
:1463043287_1,3.5,0.0,0.0
:1463043287_2,3.5,0.0,0.0
:1463043301_0,3.5,0.0,0.0
:1463043301_2,3.5,0.0,0.0
:1463043338_0,3.5,0.0,0.0
:1463043338_1,3.5,0.0,0.0
:1463043338_2,3.5,0.0,0.0
:1463043338_3,3.5,0.0,0.0
:1463043341_0,3.5,0.0,0.0
:1463043341_1,3.5,0.0,0.0
:1463043341_10,3.5,0.0,0.0
:1463043341_11,3.5,0.0,0.0
:1463043341_12,3.5,0.0,0.0
:1463043341_2,3.5,0.0,0.0
:1463043341_3,3.5,0.0,0.0
:1463043341_4,3.5,0.0,0.0
:1463043341_6,3.5,0.0,0.0
:1463043341_7,3.5,0.0,0.0
:1463043341_8,3.5,0.0,0.0
:1463043341_9,3.5,0.0,0.0
:1463043343_0,3.5,0.0,0.0
:1463043343_1,3.5,0.0,0.0
:1463043343_2,3.5,0.0,0.0
:1463043344_0,3.5,0.0,0.0
:1463043344_1,3.5,0.0,0.0
:1463043344_2,3.5,0.0,0.0
:1463043346_0,3.5,0.0,0.0
:1463043346_1,3.5,0.0,0.0
:1463043346_10,3.5,0.0,0.0
:1463043346_11,3.5,0.0,0.0
:1463043346_12,3.5,0.0,0.0
:1463043346_3,3.5,0.0,0.0
:1463043346_4,3.5,0.0,0.0
:1463043346_5,3.5,0.0,0.0
:1463043346_6,3.5,0.0,0.0
:1463043346_7,3.5,0.0,0.0
:1463043346_8,3.5,0.0,0.0
:1463043346_9,3.5,0.0,0.0
:1463043351_0,3.5,0.0,0.0
:1463043351_1,3.5,0.0,0.0
:1463043351_2,3.5,0.0,0.0
:1463043351_3,3.5,0.0,0.0
:1463043351_4,3.5,0.0,0.0
:1463043351_5,3.5,0.0,0.0
:1463043351_6,3.5,0.0,0.0
:1463043351_7,3.5,0.0,0.0
:1463043351_8,3.5,0.0,0.0
:1469617603_0,3.5,0.0,0.0
:1469617603_1,3.5,0.0,0.0
:1469617609_0,3.5,0.0,0.0
:1469617609_1,3.5,0.0,0.0
:1469617664_0,3.5,0.0,0.0
:1469617664_1,3.5,0.0,0.0
:1469617782_0,3.5,0.0,0.0
:1469617782_1,3.5,0.0,0.0
:1469617900_0,3.5,0.0,0.0
:1469617900_1,3.5,0.0,0.0
:1469617971_0,3.5,0.0,0.0
:1469617971_1,3.5,0.0,0.0
:148070878_0,3.5,0.0,0.0
:1485838563_0,3.5,0.0,0.0
:1485838563_1,3.5,0.0,0.0
:1485838563_2,3.5,0.0,0.0
:1485838563_3,3.5,0.0,0.0
:1485838563_4,3.5,0.0,0.0
:1485838563_5,3.5,0.0,0.0
:1485838569_0,3.5,0.0,0.0
:1485838572_0,3.5,0.0,0.0
:1486241327_0,3.5,0.0,0.0
:1486241328_0,3.5,0.0,0.0
:1502803182_0,3.5,0.0,0.0
:1502803182_1,3.5,0.0,0.0
:1502803185_0,3.5,0.0,0.0
:1502803185_1,3.5,0.0,0.0
:1502803187_0,3.5,0.0,0.0
:1502803187_1,3.5,0.0,0.0
:1502803187_2,3.5,0.0,0.0
:1502803187_3,3.5,0.0,0.0
:1502803187_5,3.5,0.0,0.0
:1502803188_0,3.5,0.0,0.0
:1502803188_2,3.5,0.0,0.0
:1502803188_3,3.5,0.0,0.0
:1502803188_4,3.5,0.0,0.0
:1502803188_5,3.5,0.0,0.0
:1502803189_0,3.5,0.0,0.0
:1502803189_1,3.5,0.0,0.0
:1502803189_2,3.5,0.0,0.0
:1502803189_3,3.5,0.0,0.0
:1502803189_5,3.5,0.0,0.0
:1502803192_0,3.5,0.0,0.0
:1502803192_1,3.5,0.0,0.0
:1502803193_0,3.5,0.0,0.0
:1502803193_1,3.5,0.0,0.0
:1502803194_0,3.5,0.0,0.0
:1502803194_1,3.5,0.0,0.0
:1502803195_0,3.5,0.0,0.0
:1502803195_2,3.5,0.0,0.0
:1502803196_0,3.5,0.0,0.0
:1502803196_1,3.5,0.0,0.0
:1502803197_0,3.5,0.0,0.0
:1502803197_1,3.5,0.0,0.0
:1502803197_2,3.5,0.0,0.0
:1502803198_0,3.5,0.0,0.0
:1502803198_1,3.5,0.0,0.0
:1502803198_2,3.5,0.0,0.0
:1502849346_0,3.5,0.0,0.0
:1502849346_1,3.5,0.0,0.0
:1502849350_0,3.5,0.0,0.0
:1502849350_1,3.5,0.0,0.0
:1502849352_0,3.5,0.0,0.0
:1502849353_0,3.5,0.0,0.0
:1502849355_0,3.5,0.0,0.0
:1502869000_0,3.5,0.0,0.0
:1502869001_0,3.5,0.0,0.0
:1505226351_0,3.5,0.0,0.0
:1505226351_1,3.5,0.0,0.0
:1505226353_0,3.5,0.0,0.0
:1516671614_0,3.5,0.0,0.0
:1516671614_2,3.5,0.0,0.0
:1516671616_0,3.5,0.0,0.0
:1516671616_1,3.5,0.0,0.0
:1516671616_2,3.5,0.0,0.0
:1516671616_3,3.5,0.0,0.0
:1516671633_0,3.5,0.0,0.0
:1516671633_1,3.5,0.0,0.0
:1516671633_2,3.5,0.0,0.0
:1516671633_3,3.5,0.0,0.0
:1516671636_0,3.5,0.0,0.0
:1516671636_1,3.5,0.0,0.0
:1516671639_0,3.5,0.0,0.0
:1516671639_1,3.5,0.0,0.0
:1516671742_0,3.5,0.0,0.0
:1516671742_1,3.5,0.0,0.0
:1516671742_2,3.5,0.0,0.0
:1516671742_3,3.5,0.0,0.0
:1516671742_4,3.5,0.0,0.0
:1516671742_5,3.5,0.0,0.0
:1516671742_6,3.5,0.0,0.0
:1516671742_7,3.5,0.0,0.0
:1516671742_8,3.5,0.0,0.0
:1516671744_0,3.5,0.0,0.0
:1516671744_1,3.5,0.0,0.0
:1516671795_0,3.5,0.0,0.0
:1516671795_1,3.5,0.0,0.0
:1516671822_0,3.5,0.0,0.0
:1516671822_1,3.5,0.0,0.0
:1516671854_0,3.5,0.0,0.0
:1516671856_0,3.5,0.0,0.0
:1516827444_0,3.5,0.0,0.0
:1516827513_0,3.5,0.0,0.0
:1516827513_1,3.5,0.0,0.0
:1516827513_2,3.5,0.0,0.0
:1516827513_3,3.5,0.0,0.0
:1516827516_0,3.5,0.0,0.0
:1516827516_1,3.5,0.0,0.0
:1516827516_10,3.5,0.0,0.0
:1516827516_11,3.5,0.0,0.0
:1516827516_2,3.5,0.0,0.0
:1516827516_3,3.5,0.0,0.0
:1516827516_4,3.5,0.0,0.0
:1516827516_5,3.5,0.0,0.0
:1516827516_6,3.5,0.0,0.0
:1516827516_7,3.5,0.0,0.0
:1516827516_8,3.5,0.0,0.0
:1516827516_9,3.5,0.0,0.0
:1516827546_0,3.5,0.0,0.0
:1516827634_0,3.5,0.0,0.0
:1516827634_1,3.5,0.0,0.0
:1516827634_2,3.5,0.0,0.0
:1516827634_3,3.5,0.0,0.0
:1516827662_0,3.5,0.0,0.0
:1516827662_3,3.5,0.0,0.0
:1516827705_0,3.5,0.0,0.0
:1516827721_0,3.5,0.0,0.0
:1516827760_0,3.5,0.0,0.0
:1516827773_0,3.5,0.0,0.0
:1516827773_1,3.5,0.0,0.0
:1516827946_0,3.5,0.0,0.0
:1516827967_0,3.5,0.0,0.0
:1516827987_0,3.5,0.0,0.0
:1516827987_1,3.5,0.0,0.0
:1516827987_2,3.5,0.0,0.0
:1516827987_3,3.5,0.0,0.0
:1516827987_4,3.5,0.0,0.0
:1516827987_5,3.5,0.0,0.0
:1516827987_6,3.5,0.0,0.0
:1516827987_7,3.5,0.0,0.0
:1516827990_0,3.5,0.0,0.0
:1516828006_0,3.5,0.0,0.0
:1516828006_1,3.5,0.0,0.0
:1516828006_2,3.5,0.0,0.0
:1516828006_3,3.5,0.0,0.0
:1516828044_0,3.5,0.0,0.0
:1517771403_0,3.5,0.0,0.0
:1517771404_0,3.5,0.0,0.0
:1517771404_1,3.5,0.0,0.0
:1517771404_2,3.5,0.0,0.0
:1517771404_3,3.5,0.0,0.0
:1517771404_4,3.5,0.0,0.0
:1517771404_5,3.5,0.0,0.0
:1517771404_6,3.5,0.0,0.0
:1517771404_7,3.5,0.0,0.0
:1517771404_8,3.5,0.0,0.0
:1517771425_0,3.5,0.0,0.0
:1517771428_0,3.5,0.0,0.0
:1517771428_1,3.5,0.0,0.0
:1517771428_2,3.5,0.0,0.0
:1517771428_3,3.5,0.0,0.0
:1517771428_4,3.5,0.0,0.0
:1517771428_5,3.5,0.0,0.0
:1517771431_0,3.5,0.0,0.0
:1517771431_1,3.5,0.0,0.0
:1517771431_2,3.5,0.0,0.0
:1517771431_3,3.5,0.0,0.0
:1517771431_4,3.5,0.0,0.0
:1517771431_5,3.5,0.0,0.0
:1517771431_6,3.5,0.0,0.0
:1517771431_7,3.5,0.0,0.0
:1517771431_8,3.5,0.0,0.0
:1517771432_0,3.5,0.0,0.0
:1517771432_1,3.5,0.0,0.0
:1517771432_10,3.5,0.0,0.0
:1517771432_11,3.5,0.0,0.0
:1517771432_2,3.5,0.0,0.0
:1517771432_3,3.5,0.0,0.0
:1517771432_4,3.5,0.0,0.0
:1517771432_5,3.5,0.0,0.0
:1517771432_6,3.5,0.0,0.0
:1517771432_7,3.5,0.0,0.0
:1517771432_8,3.5,0.0,0.0
:1517771432_9,3.5,0.0,0.0
:1517771439_0,3.5,0.0,0.0
:1517771439_1,3.5,0.0,0.0
:1517771439_2,3.5,0.0,0.0
:1517771439_3,3.5,0.0,0.0
:1517771439_4,3.5,0.0,0.0
:1517771439_5,3.5,0.0,0.0
:1517771439_6,3.5,0.0,0.0
:1517771439_7,3.5,0.0,0.0
:1517771439_8,3.5,0.0,0.0
:1517771467_0,3.5,0.0,0.0
:1517771467_1,3.5,0.0,0.0
:1517771467_2,3.5,0.0,0.0
:1517771467_3,3.5,0.0,0.0
:1517771467_4,3.5,0.0,0.0
:1517771467_5,3.5,0.0,0.0
:1517771467_6,3.5,0.0,0.0
:1517771467_7,3.5,0.0,0.0
:1517771467_8,3.5,0.0,0.0
:1517771469_0,3.5,0.0,0.0
:1517771469_1,3.5,0.0,0.0
:1517771469_2,3.5,0.0,0.0
:1517771469_3,3.5,0.0,0.0
:1517771469_4,3.5,0.0,0.0
:1517771469_5,3.5,0.0,0.0
:1517771469_6,3.5,0.0,0.0
:1517771469_7,3.5,0.0,0.0
:1517771469_8,3.5,0.0,0.0
:1517771478_0,3.5,0.0,0.0
:1517771478_1,3.5,0.0,0.0
:1517771478_2,3.5,0.0,0.0
:1517771478_3,3.5,0.0,0.0
:1517771478_4,3.5,0.0,0.0
:1517771478_5,3.5,0.0,0.0
:1517771478_6,3.5,0.0,0.0
:1517771478_7,3.5,0.0,0.0
:1517771478_8,3.5,0.0,0.0
:1517771497_0,3.5,0.0,0.0
:1517771497_1,3.5,0.0,0.0
:1517771497_2,3.5,0.0,0.0
:1517771497_3,3.5,0.0,0.0
:1517771497_4,3.5,0.0,0.0
:1517771497_5,3.5,0.0,0.0
:1517771497_6,3.5,0.0,0.0
:1517771497_7,3.5,0.0,0.0
:1517771497_8,3.5,0.0,0.0
:1517771503_0,3.5,0.0,0.0
:1517771503_1,3.5,0.0,0.0
:1517771503_2,3.5,0.0,0.0
:1517771503_3,3.5,0.0,0.0
:1517771503_4,3.5,0.0,0.0
:1517771503_5,3.5,0.0,0.0
:1517771503_6,3.5,0.0,0.0
:1517771503_7,3.5,0.0,0.0
:1517771503_8,3.5,0.0,0.0
:1517771529_0,3.5,0.0,0.0
:1517771529_1,3.5,0.0,0.0
:1517771529_2,3.5,0.0,0.0
:1517771529_3,3.5,0.0,0.0
:1517771561_0,3.5,0.0,0.0
:1517771563_0,3.5,0.0,0.0
:1517771589_0,3.5,0.0,0.0
:1517771635_0,3.5,0.0,0.0
:1517771635_1,3.5,0.0,0.0
:1517771635_2,3.5,0.0,0.0
:1517771635_3,3.5,0.0,0.0
:1517771635_4,3.5,0.0,0.0
:1517771635_6,3.5,0.0,0.0
:1517771635_7,3.5,0.0,0.0
:1517771635_8,3.5,0.0,0.0
:1517771635_9,3.5,0.0,0.0
:1517771653_0,3.5,0.0,0.0
:1518398508_0,3.5,0.0,0.0
:1518398516_0,3.5,0.0,0.0
:1518398532_0,3.5,0.0,0.0
:1518398538_0,3.5,0.0,0.0
:1518398542_0,3.5,0.0,0.0
:1518398550_0,3.5,0.0,0.0
:1518398604_0,3.5,0.0,0.0
:1518398629_0,3.5,0.0,0.0
:1518398629_1,3.5,0.0,0.0
:1518398634_0,3.5,0.0,0.0
:1518398634_1,3.5,0.0,0.0
:1518398634_2,3.5,0.0,0.0
:1518398634_3,3.5,0.0,0.0
:1518398634_4,3.5,0.0,0.0
:1518398634_5,3.5,0.0,0.0
:1518398635_0,3.5,0.0,0.0
:1518398656_0,3.5,0.0,0.0
:1518398658_0,3.5,0.0,0.0
:1518398667_0,3.5,0.0,0.0
:1518398676_0,3.5,0.0,0.0
:1518398685_0,3.5,0.0,0.0
:1518398690_0,3.5,0.0,0.0
:1518398720_0,3.5,0.0,0.0
:1518398720_1,3.5,0.0,0.0
:1518398736_0,3.5,0.0,0.0
:1518398736_1,3.5,0.0,0.0
:1518398767_0,3.5,0.0,0.0
:1518398767_1,3.5,0.0,0.0
:1518398788_0,3.5,0.0,0.0
:1518398788_1,3.5,0.0,0.0
:1518398788_2,3.5,0.0,0.0
:1518398788_3,3.5,0.0,0.0
:1518398788_4,3.5,0.0,0.0
:1518398788_5,3.5,0.0,0.0
:1518398814_0,3.5,0.0,0.0
:1518398814_1,3.5,0.0,0.0
:1518398826_0,3.5,0.0,0.0
:1518398826_1,3.5,0.0,0.0
:1518398826_2,3.5,0.0,0.0
:1518398826_3,3.5,0.0,0.0
:1518398841_0,3.5,0.0,0.0
:1518486509_0,3.5,0.0,0.0
:1518486862_0,3.5,0.0,0.0
:1518486862_1,3.5,0.0,0.0
:1518486862_2,3.5,0.0,0.0
:1518486862_3,3.5,0.0,0.0
:1518486862_4,3.5,0.0,0.0
:1518486862_5,3.5,0.0,0.0
:1518486862_6,3.5,0.0,0.0
:1518486862_7,3.5,0.0,0.0
:1535499370_0,3.5,0.0,0.0
:1541501837_0,3.5,0.0,0.0
:1541501849_0,3.5,0.0,0.0
:1541501849_1,3.5,0.0,0.0
:1541501849_2,3.5,0.0,0.0
:1541501849_3,3.5,0.0,0.0
:1541501855_0,3.5,0.0,0.0
:1541501855_1,3.5,0.0,0.0
:1541501855_2,3.5,0.0,0.0
:1541501855_3,3.5,0.0,0.0
:1541501858_0,3.5,0.0,0.0
:1541501858_1,3.5,0.0,0.0
:1541501858_2,3.5,0.0,0.0
:1541501858_3,3.5,0.0,0.0
:1541501860_0,3.5,0.0,0.0
:1541501860_1,3.5,0.0,0.0
:1541501860_2,3.5,0.0,0.0
:1541501860_3,3.5,0.0,0.0
:1541501860_4,3.5,0.0,0.0
:1541501860_5,3.5,0.0,0.0
:1541501860_6,3.5,0.0,0.0
:1541501860_7,3.5,0.0,0.0
:1541501860_8,3.5,0.0,0.0
:15514012_0,3.5,0.0,0.0
:15514012_1,3.5,0.0,0.0
:15514012_2,3.5,0.0,0.0
:15514012_3,3.5,0.0,0.0
:15514012_4,3.5,0.0,0.0
:15514012_5,3.5,0.0,0.0
:15514017_0,3.5,0.0,0.0
:15514407_0,3.5,0.0,0.0
:15514407_1,3.5,0.0,0.0
:15514407_2,3.5,0.0,0.0
:15514407_3,3.5,0.0,0.0
:15514407_4,3.5,0.0,0.0
:15514407_5,3.5,0.0,0.0
:15514469_0,3.5,0.0,0.0
:15514469_1,3.5,0.0,0.0
:15514469_2,3.5,0.0,0.0
:15514469_3,3.5,0.0,0.0
:15514469_4,3.5,0.0,0.0
:15514469_5,3.5,0.0,0.0
:15514469_6,3.5,0.0,0.0
:15514469_7,3.5,0.0,0.0
:15514469_8,3.5,0.0,0.0
:15514483_0,3.5,0.0,0.0
:15514495_0,3.5,0.0,0.0
:15514495_1,3.5,0.0,0.0
:15514495_2,3.5,0.0,0.0
:15514495_3,3.5,0.0,0.0
:15514495_4,3.5,0.0,0.0
:15514495_5,3.5,0.0,0.0
:1559670284_0,3.5,0.0,0.0
:1559670284_1,3.5,0.0,0.0
:16083102_0,3.5,0.0,0.0
:16083102_1,3.5,0.0,0.0
:16083102_2,3.5,0.0,0.0
:16083102_3,3.5,0.0,0.0
:16083102_4,3.5,0.0,0.0
:16083102_5,3.5,0.0,0.0
:16083102_6,3.5,0.0,0.0
:16083432_0,3.5,0.0,0.0
:16083432_1,3.5,0.0,0.0
:16083432_11,3.5,0.0,0.0
:16083432_2,3.5,0.0,0.0
:16083432_3,3.5,0.0,0.0
:16083432_4,3.5,0.0,0.0
:16083432_6,3.5,0.0,0.0
:16083432_7,3.5,0.0,0.0
:16083432_8,3.5,0.0,0.0
:16083603_0,3.5,0.0,0.0
:16083603_1,3.5,0.0,0.0
:16083603_2,3.5,0.0,0.0
:16083603_3,3.5,0.0,0.0
:16083603_4,3.5,0.0,0.0
:16083603_5,3.5,0.0,0.0
:16083603_6,3.5,0.0,0.0
:16083603_7,3.5,0.0,0.0
:16083608_0,3.5,0.0,0.0
:16083608_1,3.5,0.0,0.0
:16083670_0,3.5,0.0,0.0
:16083670_1,3.5,0.0,0.0
:16084021_0,3.5,0.0,0.0
:16084617_0,3.5,0.0,0.0
:16084660_0,3.5,0.0,0.0
:16084701_0,3.5,0.0,0.0
:16084701_1,3.5,0.0,0.0
:16084701_3,3.5,0.0,0.0
:16084701_5,3.5,0.0,0.0
:16084735_0,3.5,0.0,0.0
:16084735_1,3.5,0.0,0.0
:16084776_0,3.5,0.0,0.0
:16084776_1,3.5,0.0,0.0
:1623480664_0,3.5,0.0,0.0
:1623480664_1,3.5,0.0,0.0
:1623480669_0,3.5,0.0,0.0
:1625069923_0,3.5,0.0,0.0
:1625069923_1,3.5,0.0,0.0
:1625070444_0,3.5,0.0,0.0
:1625070444_1,3.5,0.0,0.0
:1625070458_0,3.5,0.0,0.0
:1625070764_0,3.5,0.0,0.0
:1625070764_1,3.5,0.0,0.0
:1625070764_2,3.5,0.0,0.0
:1625070764_3,3.5,0.0,0.0
:1625070769_0,3.5,0.0,0.0
:1625070769_1,3.5,0.0,0.0
:1625070769_2,3.5,0.0,0.0
:1625070769_3,3.5,0.0,0.0
:1625070769_4,3.5,0.0,0.0
:1625070769_5,3.5,0.0,0.0
:1625070769_6,3.5,0.0,0.0
:1625070769_7,3.5,0.0,0.0
:1625070769_8,3.5,0.0,0.0
:1625070779_0,3.5,0.0,0.0
:1625070779_1,3.5,0.0,0.0
:1625070779_2,3.5,0.0,0.0
:1625070779_3,3.5,0.0,0.0
:1625070779_4,3.5,0.0,0.0
:1625070779_5,3.5,0.0,0.0
:1625070779_6,3.5,0.0,0.0
:1625070779_7,3.5,0.0,0.0
:1625070779_8,3.5,0.0,0.0
:1625070815_0,3.5,0.0,0.0
:1625070815_1,3.5,0.0,0.0
:1625070815_2,3.5,0.0,0.0
:1625070815_3,3.5,0.0,0.0
:1625070825_0,3.5,0.0,0.0
:1625070825_1,3.5,0.0,0.0
:1625070825_2,3.5,0.0,0.0
:1625070825_3,3.5,0.0,0.0
:1625070837_0,3.5,0.0,0.0
:1625070837_1,3.5,0.0,0.0
:1625070837_2,3.5,0.0,0.0
:1625070837_3,3.5,0.0,0.0
:1625070839_0,3.5,0.0,0.0
:162543_0,3.5,0.0,0.0
:162543_2,3.5,0.0,0.0
:162543_4,3.5,0.0,0.0
:162543_5,3.5,0.0,0.0
:162547_0,3.5,0.0,0.0
:162547_1,3.5,0.0,0.0
:162547_10,3.5,0.0,0.0
:162547_11,3.5,0.0,0.0
:162547_12,3.5,0.0,0.0
:162547_13,3.5,0.0,0.0
:162547_14,3.5,0.0,0.0
:162547_2,3.5,0.0,0.0
:162547_3,3.5,0.0,0.0
:162547_4,3.5,0.0,0.0
:162547_5,3.5,0.0,0.0
:162547_6,3.5,0.0,0.0
:162547_7,3.5,0.0,0.0
:162547_8,3.5,0.0,0.0
:162547_9,3.5,0.0,0.0
:162555_0,3.5,0.0,0.0
:162555_1,3.5,0.0,0.0
:162556_0,3.5,0.0,0.0
:162556_1,3.5,0.0,0.0
:162556_2,3.5,0.0,0.0
:162556_3,3.5,0.0,0.0
:1630071671_0,3.5,0.0,0.0
:16420971_0,3.5,0.0,0.0
:16420971_1,3.5,0.0,0.0
:16420971_2,3.5,0.0,0.0
:16420971_3,3.5,0.0,0.0
:16420971_4,3.5,0.0,0.0
:16420971_5,3.5,0.0,0.0
:16420971_6,3.5,0.0,0.0
:16420971_7,3.5,0.0,0.0
:16420971_8,3.5,0.0,0.0
:16420971_9,3.5,0.0,0.0
:16422186_0,3.5,0.0,0.0
:1665255749_0,3.5,0.0,0.0
:1665255749_1,3.5,0.0,0.0
:1665255749_2,3.5,0.0,0.0
:1665255749_3,3.5,0.0,0.0
:1665255750_0,3.5,0.0,0.0
:1665255750_1,3.5,0.0,0.0
:1720592223_0,3.5,0.0,0.0
:1720592223_1,3.5,0.0,0.0
:1720592255_0,3.5,0.0,0.0
:1720592255_1,3.5,0.0,0.0
:1720592255_2,3.5,0.0,0.0
:1720592255_3,3.5,0.0,0.0
:1720592255_4,3.5,0.0,0.0
:1720592255_5,3.5,0.0,0.0
:1720592255_6,3.5,0.0,0.0
:1720592255_7,3.5,0.0,0.0
:1720592255_8,3.5,0.0,0.0
:18358379_0,3.5,0.0,0.0
:18358379_1,3.5,0.0,0.0
:18358379_10,3.5,0.0,0.0
:18358379_11,3.5,0.0,0.0
:18358379_2,3.5,0.0,0.0
:18358379_3,3.5,0.0,0.0
:18358379_4,3.5,0.0,0.0
:18358379_5,3.5,0.0,0.0
:18358379_6,3.5,0.0,0.0
:18358379_7,3.5,0.0,0.0
:18358379_8,3.5,0.0,0.0
:18358379_9,3.5,0.0,0.0
:18358388_0,3.5,0.0,0.0
:18358388_1,3.5,0.0,0.0
:18358388_2,3.5,0.0,0.0
:18358388_3,3.5,0.0,0.0
:18358388_4,3.5,0.0,0.0
:18358388_5,3.5,0.0,0.0
:18358388_6,3.5,0.0,0.0
:18358388_7,3.5,0.0,0.0
:18358388_8,3.5,0.0,0.0
:18358390_0,3.5,0.0,0.0
:18358390_1,3.5,0.0,0.0
:18358390_2,3.5,0.0,0.0
:18358390_3,3.5,0.0,0.0
:18358390_4,3.5,0.0,0.0
:18358390_5,3.5,1.0,6.916504858937352
:18358390_6,3.5,0.0,0.0
:18358390_7,3.5,0.0,0.0
:18358391_0,3.5,0.0,0.0
:18358391_2,3.5,0.0,0.0
:18358391_4,3.5,0.0,0.0
:18358391_5,3.5,0.0,0.0
:18358396_0,3.5,0.0,0.0
:18358396_1,3.5,0.0,0.0
:18358396_10,3.5,0.0,0.0
:18358396_11,3.5,0.0,0.0
:18358396_12,3.5,0.0,0.0
:18358396_2,3.5,0.0,0.0
:18358396_3,3.5,0.0,0.0
:18358396_4,3.5,0.0,0.0
:18358396_5,3.5,0.0,0.0
:18358396_6,3.5,0.0,0.0
:18358396_7,3.5,0.0,0.0
:18358396_8,3.5,0.0,0.0
:18358396_9,3.5,0.0,0.0
:18358397_0,3.5,0.0,0.0
:18358397_1,3.5,0.0,0.0
:18358397_2,3.5,0.0,0.0
:18358397_3,3.5,0.0,0.0
:18358397_4,3.5,0.0,0.0
:18358397_5,3.5,0.0,0.0
:18358397_6,3.5,0.0,0.0
:18358397_7,3.5,0.0,0.0
:1855982054_0,3.5,0.0,0.0
:1855982054_1,3.5,0.0,0.0
:1855982054_2,3.5,0.0,0.0
:1855982054_3,3.5,0.0,0.0
:1855982054_4,3.5,0.0,0.0
:1855982054_6,3.5,0.0,0.0
:1875102874_0,3.5,0.0,0.0
:1875102874_1,3.5,0.0,0.0
:1875102874_3,3.5,0.0,0.0
:1875102874_4,3.5,0.0,0.0
:1875102874_5,3.5,0.0,0.0
:1875102874_6,3.5,0.0,0.0
:1875102874_7,3.5,0.0,0.0
:1875102874_8,3.5,0.0,0.0
:1875103009_0,3.5,0.0,0.0
:1875103011_0,3.5,0.0,0.0
:1875103049_0,3.5,0.0,0.0
:1875103049_1,3.5,0.0,0.0
:1875103049_2,3.5,0.0,0.0
:1875103049_3,3.5,0.0,0.0
:2043698667_0,3.5,0.0,0.0
:20640328_0,3.5,0.0,0.0
:20640328_1,3.5,0.0,0.0
:20640328_10,3.5,0.0,0.0
:20640328_11,3.5,0.0,0.0
:20640328_2,3.5,0.0,0.0
:20640328_4,3.5,0.0,0.0
:20640328_5,3.5,0.0,0.0
:20640328_6,3.5,0.0,0.0
:20640328_7,3.5,0.0,0.0
:20640328_9,3.5,0.0,0.0
:20640373_0,3.5,0.0,0.0
:20640373_1,3.5,0.0,0.0
:2193443350_0,3.5,0.0,0.0
:2193443350_2,3.5,0.0,0.0
:2193443354_0,3.5,0.0,0.0
:2193443354_1,3.5,0.0,0.0
:2193443354_2,3.5,0.0,0.0
:2193443354_3,3.5,0.0,0.0
:2193443354_4,3.5,0.0,0.0
:2193443354_5,3.5,0.0,0.0
:2193443356_0,3.5,0.0,0.0
:2193443356_3,3.5,0.0,0.0
:2193443364_0,3.5,0.0,0.0
:2193443371_0,3.5,0.0,0.0
:2193443371_1,3.5,0.0,0.0
:2193443371_3,3.5,0.0,0.0
:2193443380_0,3.5,0.0,0.0
:2193443380_1,3.5,0.0,0.0
:2193443385_0,3.5,0.0,0.0
:2193443385_1,3.5,0.0,0.0
:2193443385_2,3.5,0.0,0.0
:2193443385_3,3.5,0.0,0.0
:2193443387_0,3.5,0.0,0.0
:2193443397_0,3.5,0.0,0.0
:2193443397_1,3.5,0.0,0.0
:2193443402_0,3.5,0.0,0.0
:2193443402_1,3.5,0.0,0.0
:2193443403_0,3.5,0.0,0.0
:2193443403_1,3.5,0.0,0.0
:2193443403_3,3.5,0.0,0.0
:2193443403_4,3.5,0.0,0.0
:2193443404_0,3.5,0.0,0.0
:2193443404_1,3.5,0.0,0.0
:2193443409_0,3.5,0.0,0.0
:2193443409_1,3.5,0.0,0.0
:2193443409_2,3.5,0.0,0.0
:2193443409_3,3.5,0.0,0.0
:2193443438_0,3.5,0.0,0.0
:2193443438_2,3.5,0.0,0.0
:2193443440_0,3.5,0.0,0.0
:2193443459_0,3.5,0.0,0.0
:2207137831_0,3.5,0.0,0.0
:2207137831_1,3.5,0.0,0.0
:2207137831_2,3.5,0.0,0.0
:2207137831_3,3.5,0.0,0.0
:2207137832_0,3.5,0.0,0.0
:2207137832_1,3.5,0.0,0.0
:2207137832_2,3.5,0.0,0.0
:2207137833_0,3.5,0.0,0.0
:2207137833_1,3.5,0.0,0.0
:2207137833_10,3.5,0.0,0.0
:2207137833_11,3.5,0.0,0.0
:2207137833_2,3.5,0.0,0.0
:2207137833_3,3.5,0.0,0.0
:2207137833_4,3.5,0.0,0.0
:2207137833_5,3.5,0.0,0.0
:2207137833_6,3.5,0.0,0.0
:2207137833_7,3.5,0.0,0.0
:2207137833_8,3.5,0.0,0.0
:2207137833_9,3.5,0.0,0.0
:2207137834_0,3.5,0.0,0.0
:2207137834_1,3.5,0.0,0.0
:2207137834_2,3.5,0.0,0.0
:2207137835_0,3.5,0.0,0.0
:2207137835_1,3.5,0.0,0.0
:2207137835_2,3.5,0.0,0.0
:2207137835_3,3.5,0.0,0.0
:2207137843_0,3.5,0.0,0.0
:2207137845_0,3.5,0.0,0.0
:2207137850_0,3.5,0.0,0.0
:2207137852_0,3.5,0.0,0.0
:2207196598_0,3.5,0.0,0.0
:2207196602_0,3.5,0.0,0.0
:2216465893_0,3.5,0.0,0.0
:2216465897_0,3.5,0.0,0.0
:2216465928_0,3.5,0.0,0.0
:2216465933_0,3.5,0.0,0.0
:2216465933_2,3.5,0.0,0.0
:2216465933_3,3.5,0.0,0.0
:2216465933_6,3.5,0.0,0.0
:2216465952_0,3.5,0.0,0.0
:2216465952_1,3.5,0.0,0.0
:2216465952_2,3.5,0.0,0.0
:2216465952_3,3.5,0.0,0.0
:2216465952_4,3.5,0.0,0.0
:2216465952_5,3.5,0.0,0.0
:2216465952_6,3.5,0.0,0.0
:2216465952_7,3.5,0.0,0.0
:2216465952_8,3.5,0.0,0.0
:2216465954_0,3.5,0.0,0.0
:2216465954_3,3.5,0.0,0.0
:2216465954_4,3.5,0.0,0.0
:2216465954_6,3.5,0.0,0.0
:2216465956_0,3.5,0.0,0.0
:2216465965_0,3.5,0.0,0.0
:2216466043_0,3.5,0.0,0.0
:2216466043_1,3.5,0.0,0.0
:2216466043_2,3.5,0.0,0.0
:2216466043_3,3.5,0.0,0.0
:2216466043_4,3.5,0.0,0.0
:2216466043_5,3.5,0.0,0.0
:2216466043_6,3.5,0.0,0.0
:2216466043_7,3.5,0.0,0.0
:2216466043_8,3.5,0.0,0.0
:2216466046_0,3.5,0.0,0.0
:2216466046_1,3.5,0.0,0.0
:2216466046_2,3.5,0.0,0.0
:2216466046_3,3.5,0.0,0.0
:2216466046_4,3.5,0.0,0.0
:2216466046_5,3.5,0.0,0.0
:2216466046_6,3.5,0.0,0.0
:2216466046_7,3.5,0.0,0.0
:2216466046_8,3.5,0.0,0.0
:2216466048_0,3.5,0.0,0.0
:2216466048_1,3.5,0.0,0.0
:2216466048_2,3.5,0.0,0.0
:2216466048_3,3.5,0.0,0.0
:2216466048_4,3.5,0.0,0.0
:2216466048_5,3.5,0.0,0.0
:2216466048_6,3.5,0.0,0.0
:2216466048_7,3.5,0.0,0.0
:2216466048_8,3.5,0.0,0.0
:2216466049_0,3.5,0.0,0.0
:2216466049_1,3.5,0.0,0.0
:2216466049_2,3.5,0.0,0.0
:2216466049_3,3.5,0.0,0.0
:2216466049_4,3.5,0.0,0.0
:2216466049_5,3.5,0.0,0.0
:2216466049_6,3.5,0.0,0.0
:2216466049_7,3.5,0.0,0.0
:2216466049_8,3.5,0.0,0.0
:2216466055_0,3.5,0.0,0.0
:2216466055_1,3.5,0.0,0.0
:2216466055_2,3.5,0.0,0.0
:2216466055_3,3.5,0.0,0.0
:2216466055_4,3.5,0.0,0.0
:2216466055_5,3.5,0.0,0.0
:2216466055_6,3.5,0.0,0.0
:2216466055_7,3.5,0.0,0.0
:2216466055_8,3.5,0.0,0.0
:2216466058_0,3.5,0.0,0.0
:2216466058_1,3.5,0.0,0.0
:2216466058_2,3.5,0.0,0.0
:2216466058_3,3.5,0.0,0.0
:2251169035_0,3.5,0.0,0.0
:2251169035_1,3.5,0.0,0.0
:2251169035_2,3.5,0.0,0.0
:2251169035_3,3.5,0.0,0.0
:2251169035_4,3.5,0.0,0.0
:2251169035_5,3.5,0.0,0.0
:2251169035_6,3.5,0.0,0.0
:2251169035_7,3.5,0.0,0.0
:2251169035_8,3.5,0.0,0.0
:2307560460_0,3.5,0.0,0.0
:2307560460_1,3.5,0.0,0.0
:249560534_0,3.5,0.0,0.0
:249560535_0,3.5,0.0,0.0
:249560535_1,3.5,0.0,0.0
:249560535_2,3.5,0.0,0.0
:249560535_3,3.5,0.0,0.0
:249560535_4,3.5,0.0,0.0
:249560535_5,3.5,0.0,0.0
:249560536_0,3.5,0.0,0.0
:249560536_1,3.5,0.0,0.0
:249560536_2,3.5,0.0,0.0
:249560536_3,3.5,0.0,0.0
:249560536_4,3.5,0.0,0.0
:25109225_0,3.5,0.0,0.0
:25109225_1,3.5,0.0,0.0
:25109225_2,3.5,0.0,0.0
:25109225_3,3.5,0.0,0.0
:2627568625_0,3.5,0.0,0.0
:2635668947_0,3.5,0.0,0.0
:2635668950_0,3.5,0.0,0.0
:2635668956_0,3.5,0.0,0.0
:2635668957_0,3.5,0.0,0.0
:2635668958_0,3.5,0.0,0.0
:2648245371_0,3.5,0.0,0.0
:2648245379_0,3.5,0.0,0.0
:2648245379_4,3.5,0.0,0.0
:2649826700_0,3.5,0.0,0.0
:2649826708_0,3.5,0.0,0.0
:266893338_0,3.5,0.0,0.0
:266893338_3,3.5,0.0,0.0
:28121235_0,3.5,0.0,0.0
:292690670_0,3.5,0.0,0.0
:294739168_0,3.5,0.0,0.0
:294739168_1,3.5,0.0,0.0
:2983448464_0,3.5,0.0,0.0
:29835708_0,3.5,0.0,0.0
:29835708_1,3.5,0.0,0.0
:29835708_2,3.5,0.0,0.0
:29835708_3,3.5,0.0,0.0
:29950598_0,3.5,0.0,0.0
:29950598_1,3.5,0.0,0.0
:29950598_2,3.5,0.0,0.0
:29950598_3,3.5,0.0,0.0
:29950599_0,3.5,0.0,0.0
:29950599_1,3.5,0.0,0.0
:29950599_2,3.5,0.0,0.0
:29950599_3,3.5,0.0,0.0
:29950599_4,3.5,0.0,0.0
:29950599_5,3.5,0.0,0.0
:29950599_6,3.5,0.0,0.0
:29950599_7,3.5,0.0,0.0
:29950600_0,3.5,0.0,0.0
:29950600_1,3.5,0.0,0.0
:29950600_2,3.5,0.0,0.0
:29951143_0,3.5,0.0,0.0
:29951143_1,3.5,0.0,0.0
:29951143_2,3.5,0.0,0.0
:29951143_3,3.5,0.0,0.0
:29976801_0,3.5,0.0,0.0
:29976801_1,3.5,0.0,0.0
:29976801_2,3.5,0.0,0.0
:29976801_3,3.5,0.0,0.0
:29976801_4,3.5,0.0,0.0
:29976801_5,3.5,0.0,0.0
:30091854_0,3.5,0.0,0.0
:30091854_3,3.5,0.0,0.0
:30091855_0,3.5,0.0,0.0
:30091858_0,3.5,0.0,0.0
:30091858_3,3.5,0.0,0.0
:30091861_0,3.5,0.0,0.0
:30091861_1,3.5,0.0,0.0
:30091862_0,3.5,0.0,0.0
:30091862_1,3.5,0.0,0.0
:30092053_0,3.5,0.0,0.0
:30092053_1,3.5,0.0,0.0
:30092060_0,3.5,0.0,0.0
:30092060_1,3.5,0.0,0.0
:30092060_3,3.5,0.0,0.0
:30092060_5,3.5,0.0,0.0
:30092236_0,3.5,0.0,0.0
:30092236_1,3.5,0.0,0.0
:30092236_2,3.5,0.0,0.0
:30092236_3,3.5,0.0,0.0
:30093391_0,3.5,0.0,0.0
:30093391_1,3.5,0.0,0.0
:30093391_2,3.5,0.0,0.0
:30093391_3,3.5,0.0,0.0
:30093391_4,3.5,0.0,0.0
:30093391_5,3.5,0.0,0.0
:30093391_6,3.5,0.0,0.0
:30093391_7,3.5,0.0,0.0
:30093391_8,3.5,0.0,0.0
:30093394_0,3.5,0.0,0.0
:30093394_1,3.5,0.0,0.0
:30093394_2,3.5,0.0,0.0
:30093394_3,3.5,0.0,0.0
:30093394_4,3.5,0.0,0.0
:30093394_5,3.5,0.0,0.0
:30093402_0,3.5,0.0,0.0
:30093402_1,3.5,0.0,0.0
:30093403_0,3.5,0.0,0.0
:30093403_1,3.5,0.0,0.0
:30093403_2,3.5,0.0,0.0
:30093403_3,3.5,0.0,0.0
:30095659_0,3.5,0.0,0.0
:30095659_1,3.5,0.0,0.0
:30095659_2,3.5,0.0,0.0
:30095659_3,3.5,0.0,0.0
:30095659_4,3.5,0.0,0.0
:30095659_5,3.5,0.0,0.0
:30095660_0,3.5,0.0,0.0
:30095660_1,3.5,0.0,0.0
:30095661_0,3.5,0.0,0.0
:30095661_1,3.5,0.0,0.0
:30095661_2,3.5,0.0,0.0
:30095661_3,3.5,0.0,0.0
:30095669_0,3.5,0.0,0.0
:30095669_1,3.5,0.0,0.0
:30095669_3,3.5,1.0,6.916504858937352
:30095670_0,3.5,0.0,0.0
:30095671_0,3.5,0.0,0.0
:30095671_1,3.5,0.0,0.0
:30095671_2,3.5,0.0,0.0
:30095671_3,3.5,0.0,0.0
:30095671_4,3.5,0.0,0.0
:30095671_5,3.5,0.0,0.0
:30095672_0,3.5,0.0,0.0
:30095815_0,3.5,0.0,0.0
:30095815_1,3.5,0.0,0.0
:30095815_2,3.5,0.0,0.0
:30095815_3,3.5,0.0,0.0
:30095815_4,3.5,0.0,0.0
:30095815_5,3.5,0.0,0.0
:30095815_6,3.5,0.0,0.0
:30095815_7,3.5,0.0,0.0
:30095817_0,3.5,0.0,0.0
:301107809_0,3.5,0.0,0.0
:301107810_0,3.5,0.0,0.0
:301107810_1,3.5,0.0,0.0
:301107810_2,3.5,0.0,0.0
:301107810_3,3.5,0.0,0.0
:301107811_0,3.5,0.0,0.0
:301107812_0,3.5,0.0,0.0
:302520766_0,3.5,0.0,0.0
:302520887_0,3.5,0.0,0.0
:303246742_0,3.5,0.0,0.0
:303246742_1,3.5,0.0,0.0
:303246742_2,3.5,0.0,0.0
:303246742_3,3.5,0.0,0.0
:30353885_0,3.5,0.0,0.0
:30353885_1,3.5,0.0,0.0
:30353885_2,3.5,0.0,0.0
:30353885_3,3.5,0.0,0.0
:30353893_0,3.5,0.0,0.0
:30353893_1,3.5,0.0,0.0
:30353895_0,3.5,0.0,0.0
:30353895_1,3.5,0.0,0.0
:30353895_2,3.5,0.0,0.0
:30353895_3,3.5,0.0,0.0
:30353896_0,3.5,0.0,0.0
:30353896_1,3.5,0.0,0.0
:30353896_2,3.5,0.0,0.0
:30353896_3,3.5,0.0,0.0
:30354575_0,3.5,0.0,0.0
:30354575_1,3.5,0.0,0.0
:30354575_2,3.5,0.0,0.0
:30354575_3,3.5,0.0,0.0
:30354596_0,3.5,0.0,0.0
:30354600_0,3.5,0.0,0.0
:30354600_1,3.5,0.0,0.0
:30354600_2,3.5,0.0,0.0
:30354600_3,3.5,0.0,0.0
:30395334_0,3.5,0.0,0.0
:30395344_0,3.5,0.0,0.0
:30395344_1,3.5,0.0,0.0
:30395345_0,3.5,0.0,0.0
:30395345_1,3.5,0.0,0.0
:304320830_0,3.5,0.0,0.0
:304320830_1,3.5,0.0,0.0
:30568134_0,3.5,0.0,0.0
:30568149_0,3.5,0.0,0.0
:30568149_1,3.5,0.0,0.0
:30805036_0,3.5,0.0,0.0
:30805036_1,3.5,0.0,0.0
:30805036_2,3.5,0.0,0.0
:30805036_3,3.5,0.0,0.0
:30805037_0,3.5,0.0,0.0
:30805037_1,3.5,0.0,0.0
:30805037_2,3.5,0.0,0.0
:30805037_3,3.5,0.0,0.0
:30996505_0,3.5,0.0,0.0
:30996505_1,3.5,0.0,0.0
:30996505_4,3.5,0.0,0.0
:31008968_0,3.5,0.0,0.0
:31008987_0,3.5,0.0,0.0
:31008987_1,3.5,0.0,0.0
:31008987_2,3.5,0.0,0.0
:31008993_0,3.5,0.0,0.0
:31008993_1,3.5,0.0,0.0
:31008999_0,3.5,0.0,0.0
:31008999_1,3.5,0.0,0.0
:31010693_0,3.5,0.0,0.0
:31010697_0,3.5,0.0,0.0
:31010697_1,3.5,0.0,0.0
:31010697_2,3.5,0.0,0.0
:31010697_3,3.5,0.0,0.0
:31010697_4,3.5,0.0,0.0
:31010697_5,3.5,0.0,0.0
:31010697_6,3.5,0.0,0.0
:31010697_7,3.5,0.0,0.0
:31010697_8,3.5,0.0,0.0
:31010719_0,3.5,0.0,0.0
:31010719_1,3.5,0.0,0.0
:31010719_2,3.5,0.0,0.0
:31010719_3,3.5,0.0,0.0
:31010719_4,3.5,0.0,0.0
:31010719_5,3.5,0.0,0.0
:31010719_6,3.5,0.0,0.0
:31010719_7,3.5,0.0,0.0
:31010719_8,3.5,0.0,0.0
:31010722_0,3.5,0.0,0.0
:31010722_1,3.5,0.0,0.0
:31010722_10,3.5,0.0,0.0
:31010722_11,3.5,0.0,0.0
:31010722_12,3.5,0.0,0.0
:31010722_13,3.5,0.0,0.0
:31010722_14,3.5,0.0,0.0
:31010722_15,3.5,0.0,0.0
:31010722_2,3.5,0.0,0.0
:31010722_3,3.5,0.0,0.0
:31010722_4,3.5,0.0,0.0
:31010722_5,3.5,0.0,0.0
:31010722_6,3.5,0.0,0.0
:31010722_7,3.5,0.0,0.0
:31010722_8,3.5,0.0,0.0
:31010722_9,3.5,0.0,0.0
:31010723_0,3.5,0.0,0.0
:31010723_1,3.5,0.0,0.0
:31010723_10,3.5,0.0,0.0
:31010723_2,3.5,0.0,0.0
:31010723_3,3.5,0.0,0.0
:31010723_4,3.5,0.0,0.0
:31010723_5,3.5,0.0,0.0
:31010723_6,3.5,0.0,0.0
:31010723_7,3.5,0.0,0.0
:31010723_8,3.5,0.0,0.0
:31010723_9,3.5,0.0,0.0
:31010724_0,3.5,0.0,0.0
:31010724_1,3.5,0.0,0.0
:31010724_2,3.5,0.0,0.0
:31010724_3,3.5,0.0,0.0
:31010724_4,3.5,0.0,0.0
:31010724_5,3.5,0.0,0.0
:31010725_0,3.5,0.0,0.0
:31010726_0,3.5,0.0,0.0
:31010726_1,3.5,0.0,0.0
:31010786_0,3.5,0.0,0.0
:31010786_1,3.5,0.0,0.0
:31010797_0,3.5,0.0,0.0
:31010797_1,3.5,0.0,0.0
:31010797_10,3.5,0.0,0.0
:31010797_11,3.5,0.0,0.0
:31010797_12,3.5,0.0,0.0
:31010797_13,3.5,0.0,0.0
:31010797_14,3.5,0.0,0.0
:31010797_15,3.5,0.0,0.0
:31010797_2,3.5,0.0,0.0
:31010797_3,3.5,0.0,0.0
:31010797_4,3.5,0.0,0.0
:31010797_5,3.5,0.0,0.0
:31010797_6,3.5,0.0,0.0
:31010797_7,3.5,0.0,0.0
:31010797_8,3.5,0.0,0.0
:31010797_9,3.5,0.0,0.0
:31011312_0,3.5,0.0,0.0
:31011312_1,3.5,0.0,0.0
:31043729_0,3.5,0.0,0.0
:31043730_0,3.5,0.0,0.0
:31043730_1,3.5,0.0,0.0
:31043730_10,3.5,0.0,0.0
:31043730_2,3.5,0.0,0.0
:31043730_3,3.5,0.0,0.0
:31043730_4,3.5,0.0,0.0
:31043730_5,3.5,0.0,0.0
:31043730_6,3.5,0.0,0.0
:31043730_7,3.5,0.0,0.0
:31043730_8,3.5,0.0,0.0
:31043730_9,3.5,0.0,0.0
:31091349_0,3.5,0.0,0.0
:31091349_1,3.5,0.0,0.0
:31091350_0,3.5,0.0,0.0
:31091350_1,3.5,0.0,0.0
:31108695_0,3.5,0.0,0.0
:31108695_1,3.5,0.0,0.0
:31108696_0,3.5,0.0,0.0
:31108696_1,3.5,0.0,0.0
:31108808_0,3.5,0.0,0.0
:31108808_2,3.5,0.0,0.0
:31263136_0,3.5,0.0,0.0
:31263136_1,3.5,0.0,0.0
:31510298_0,3.5,0.0,0.0
:31660135_0,3.5,0.0,0.0
:31660135_1,3.5,0.0,0.0
:31660139_0,3.5,0.0,0.0
:3208356590_0,3.5,0.0,0.0
:3208356591_0,3.5,0.0,0.0
:3208356598_0,3.5,0.0,0.0
:3208356598_1,3.5,0.0,0.0
:3208869404_0,3.5,0.0,0.0
:3208869404_2,3.5,0.0,0.0
:333757528_0,3.5,0.0,0.0
:333757528_1,3.5,0.0,0.0
:333757528_3,3.5,0.0,0.0
:333757528_4,3.5,0.0,0.0
:333757529_0,3.5,0.0,0.0
:333757529_1,3.5,0.0,0.0
:333757529_2,3.5,0.0,0.0
:333757529_3,3.5,0.0,0.0
:333757529_4,3.5,0.0,0.0
:333757529_5,3.5,0.0,0.0
:333757529_6,3.5,0.0,0.0
:333757529_7,3.5,0.0,0.0
:333757529_8,3.5,0.0,0.0
:333757549_0,3.5,0.0,0.0
:333757549_2,3.5,0.0,0.0
:333757549_3,3.5,0.0,0.0
:333757549_4,3.5,0.0,0.0
:333757552_0,3.5,0.0,0.0
:333757553_0,3.5,0.0,0.0
:333757553_1,3.5,0.0,0.0
:333757553_2,3.5,0.0,0.0
:333757553_3,3.5,0.0,0.0
:333757553_4,3.5,0.0,0.0
:333757553_5,3.5,0.0,0.0
:333757553_6,3.5,0.0,0.0
:333757553_7,3.5,0.0,0.0
:333757553_8,3.5,0.0,0.0
:3392615125_0,3.5,0.0,0.0
:3392615126_0,3.5,0.0,0.0
:3393703733_0,3.5,0.0,0.0
:3430797490_0,3.5,0.0,0.0
:3492932810_0,3.5,0.0,0.0
:3492932810_1,3.5,0.0,0.0
:3492932810_2,3.5,0.0,0.0
:3492932810_3,3.5,0.0,0.0
:3492932810_4,3.5,0.0,0.0
:3492932810_5,3.5,0.0,0.0
:3492932811_0,3.5,0.0,0.0
:3492932811_1,3.5,0.0,0.0
:3492932811_3,3.5,0.0,0.0
:3492932811_4,3.5,0.0,0.0
:3492932812_0,3.5,0.0,0.0
:3707268015_0,3.5,0.0,0.0
:3854040188_0,3.5,0.0,0.0
:3854040188_1,3.5,0.0,0.0
:3854040189_0,3.5,0.0,0.0
:3854040189_1,3.5,0.0,0.0
:3854040190_0,3.5,0.0,0.0
:3854040190_1,3.5,0.0,0.0
:3854040190_2,3.5,0.0,0.0
:3854040190_3,3.5,0.0,0.0
:3854040190_4,3.5,0.0,0.0
:3854040190_5,3.5,0.0,0.0
:3854040190_6,3.5,0.0,0.0
:3854040190_7,3.5,0.0,0.0
:3854040190_8,3.5,0.0,0.0
:387460846_0,3.5,0.0,0.0
:387460846_1,3.5,0.0,0.0
:3879825637_0,3.5,0.0,0.0
:3879825637_2,3.5,0.0,0.0
:391973063_0,3.5,0.0,0.0
:391973063_1,3.5,0.0,0.0
:3969374044_0,3.5,0.0,0.0
:3969374044_1,3.5,0.0,0.0
:3969374044_2,3.5,0.0,0.0
:3969374044_3,3.5,0.0,0.0
:3969374045_0,3.5,0.0,0.0
:3969374045_1,3.5,0.0,0.0
:3969374045_2,3.5,0.0,0.0
:3969374045_3,3.5,0.0,0.0
:3986651360_0,3.5,0.0,0.0
:3986651360_1,3.5,0.0,0.0
:3986651360_2,3.5,0.0,0.0
:3986651360_3,3.5,0.0,0.0
:3986651360_4,3.5,0.0,0.0
:3986651360_5,3.5,0.0,0.0
:3986651360_6,3.5,0.0,0.0
:3986651360_7,3.5,0.0,0.0
:3986651361_0,3.5,0.0,0.0
:4004716451_0,3.5,0.0,0.0
:434788839_0,3.5,0.0,0.0
:434788839_1,3.5,0.0,0.0
:4449840838_0,3.5,0.0,0.0
:4449840839_0,3.5,0.0,0.0
:4469978154_0,3.5,0.0,0.0
:4469978154_1,3.5,0.0,0.0
:4507373315_0,3.5,0.0,0.0
:4507373318_0,3.5,0.0,0.0
:4507373319_0,3.5,0.0,0.0
:4507373320_0,3.5,0.0,0.0
:452926210_0,3.5,0.0,0.0
:4839109103_0,3.5,0.0,0.0
:4839109103_3,3.5,0.0,0.0
:4951162309_0,3.5,0.0,0.0
:4951162310_0,3.5,0.0,0.0
:4951162313_0,3.5,0.0,0.0
:4951162314_0,3.5,0.0,0.0
:5048797250_0,3.5,0.0,0.0
:5048797250_1,3.5,0.0,0.0
:5104944619_0,3.5,0.0,0.0
:5104946123_0,3.5,0.0,0.0
:5104946125_0,3.5,0.0,0.0
:5104946125_1,3.5,0.0,0.0
:5208167926_0,3.5,0.0,0.0
:5208167928_0,3.5,0.0,0.0
:5208167928_2,3.5,0.0,0.0
:5208167929_0,3.5,0.0,0.0
:5208167929_1,3.5,0.0,0.0
:5208167929_2,3.5,0.0,0.0
:5208167929_3,3.5,0.0,0.0
:5208167930_0,3.5,0.0,0.0
:5208167930_1,3.5,0.0,0.0
:5208167930_2,3.5,0.0,0.0
:5208167930_3,3.5,0.0,0.0
:5208167935_0,3.5,0.0,0.0
:5208167937_0,3.5,0.0,0.0
:5208167938_0,3.5,0.0,0.0
:5208167938_1,3.5,0.0,0.0
:5208167938_2,3.5,0.0,0.0
:5208167938_3,3.5,0.0,0.0
:5208167939_0,3.5,0.0,0.0
:5208167940_0,3.5,0.0,0.0
:5208167941_0,3.5,0.0,0.0
:5208167941_1,3.5,0.0,0.0
:5208167942_0,3.5,0.0,0.0
:5208167942_1,3.5,0.0,0.0
:5208167942_3,3.5,0.0,0.0
:5208167942_4,3.5,0.0,0.0
:5208167942_5,3.5,0.0,0.0
:5208167942_6,3.5,0.0,0.0
:5208167942_7,3.5,0.0,0.0
:5208167942_8,3.5,0.0,0.0
:5208167943_0,3.5,0.0,0.0
:5208167943_1,3.5,0.0,0.0
:5208167945_0,3.5,0.0,0.0
:5208167946_0,3.5,0.0,0.0
:5208167946_2,3.5,0.0,0.0
:5208167947_0,3.5,0.0,0.0
:5208167948_0,3.5,0.0,0.0
:5208167950_0,3.5,0.0,0.0
:5208167954_0,3.5,0.0,0.0
:5208167954_1,3.5,0.0,0.0
:5208167954_2,3.5,0.0,0.0
:5208167954_3,3.5,0.0,0.0
:5208167954_4,3.5,0.0,0.0
:5208167954_5,3.5,0.0,0.0
:5208167954_6,3.5,0.0,0.0
:5208167954_8,3.5,0.0,0.0
:5208167955_0,3.5,0.0,0.0
:5208167955_1,3.5,0.0,0.0
:5208167958_0,3.5,0.0,0.0
:5208167958_1,3.5,0.0,0.0
:5208167958_2,3.5,0.0,0.0
:5208167958_3,3.5,0.0,0.0
:5208167959_0,3.5,0.0,0.0
:5208167961_0,3.5,0.0,0.0
:5208167964_0,3.5,0.0,0.0
:5208167964_2,3.5,0.0,0.0
:5208167964_3,3.5,0.0,0.0
:5208167964_5,3.5,0.0,0.0
:5208167964_6,3.5,0.0,0.0
:5208167964_7,3.5,0.0,0.0
:5208167964_8,3.5,0.0,0.0
:5208167964_9,3.5,0.0,0.0
:5208167965_0,3.5,0.0,0.0
:5208167971_0,3.5,0.0,0.0
:5208272597_0,3.5,0.0,0.0
:5208272606_0,3.5,0.0,0.0
:5208272607_0,3.5,0.0,0.0
:5208272607_1,3.5,0.0,0.0
:5208272608_0,3.5,0.0,0.0
:5208272626_0,3.5,0.0,0.0
:5208272627_0,3.5,0.0,0.0
:5208272627_1,3.5,0.0,0.0
:5208272627_2,3.5,0.0,0.0
:5208272628_0,3.5,0.0,0.0
:5208272628_1,3.5,0.0,0.0
:5208272628_2,3.5,0.0,0.0
:5208272634_0,3.5,0.0,0.0
:5208272635_0,3.5,0.0,0.0
:5208272636_0,3.5,0.0,0.0
:5208272636_1,3.5,0.0,0.0
:5208272636_2,3.5,0.0,0.0
:5208272637_0,3.5,0.0,0.0
:5208272637_1,3.5,0.0,0.0
:5208272637_2,3.5,0.0,0.0
:5208272639_0,3.5,0.0,0.0
:5215991778_0,3.5,0.0,0.0
:5215991779_0,3.5,0.0,0.0
:5215991785_0,3.5,0.0,0.0
:5215991786_0,3.5,0.0,0.0
:5216024424_0,3.5,0.0,0.0
:5216024435_0,3.5,0.0,0.0
:5216024435_1,3.5,0.0,0.0
:5216024435_2,3.5,0.0,0.0
:5216024435_3,3.5,0.0,0.0
:5216024435_4,3.5,0.0,0.0
:5216024435_5,3.5,0.0,0.0
:5216024437_0,3.5,0.0,0.0
:5216024437_1,3.5,0.0,0.0
:5216024437_2,3.5,0.0,0.0
:5216024438_0,3.5,0.0,0.0
:5216024438_1,3.5,0.0,0.0
:5216024438_2,3.5,0.0,0.0
:5216024438_3,3.5,0.0,0.0
:5216024438_4,3.5,0.0,0.0
:5216024438_5,3.5,0.0,0.0
:5216024438_6,3.5,0.0,0.0
:5216024438_7,3.5,0.0,0.0
:5216024438_8,3.5,0.0,0.0
:5216024439_0,3.5,0.0,0.0
:5216024439_1,3.5,0.0,0.0
:5216024439_2,3.5,0.0,0.0
:5216024440_0,3.5,0.0,0.0
:5216024440_1,3.5,0.0,0.0
:5216024440_10,3.5,0.0,0.0
:5216024440_11,3.5,0.0,0.0
:5216024440_2,3.5,0.0,0.0
:5216024440_3,3.5,0.0,0.0
:5216024440_4,3.5,0.0,0.0
:5216024440_5,3.5,0.0,0.0
:5216024440_6,3.5,0.0,0.0
:5216024440_7,3.5,0.0,0.0
:5216024440_8,3.5,0.0,0.0
:5216024440_9,3.5,0.0,0.0
:5216024441_0,3.5,0.0,0.0
:5216024441_1,3.5,0.0,0.0
:5216024441_2,3.5,0.0,0.0
:5216024441_3,3.5,0.0,0.0
:5216024442_0,3.5,0.0,0.0
:5216024442_1,3.5,0.0,0.0
:5216024442_2,3.5,0.0,0.0
:5216024442_3,3.5,0.0,0.0
:5216024442_4,3.5,0.0,0.0
:5216024442_5,3.5,0.0,0.0
:5216024442_6,3.5,0.0,0.0
:5216024442_7,3.5,0.0,0.0
:5216024442_8,3.5,0.0,0.0
:5216024443_0,3.5,0.0,0.0
:5216024444_0,3.5,0.0,0.0
:5216024444_1,3.5,0.0,0.0
:5216024444_2,3.5,0.0,0.0
:5216024444_3,3.5,0.0,0.0
:5216024444_4,3.5,0.0,0.0
:5216024444_5,3.5,0.0,0.0
:5216024444_6,3.5,0.0,0.0
:5216024444_7,3.5,0.0,0.0
:5216024444_8,3.5,0.0,0.0
:5216024445_0,3.5,0.0,0.0
:5269724779_0,3.5,0.0,0.0
:5269724780_0,3.5,0.0,0.0
:5269724785_0,3.5,0.0,0.0
:5269724788_0,3.5,0.0,0.0
:5269724789_0,3.5,0.0,0.0
:5269724791_0,3.5,0.0,0.0
:5269724791_1,3.5,0.0,0.0
:5269724791_2,3.5,0.0,0.0
:5269724791_3,3.5,0.0,0.0
:5269724791_4,3.5,0.0,0.0
:5269724791_5,3.5,0.0,0.0
:5269744536_0,3.5,0.0,0.0
:5269744544_0,3.5,0.0,0.0
:5269744545_0,3.5,0.0,0.0
:5269744547_0,3.5,0.0,0.0
:5269744547_1,3.5,0.0,0.0
:5269744550_0,3.5,0.0,0.0
:5269744550_1,3.5,0.0,0.0
:5269744551_0,3.5,0.0,0.0
:5269744551_1,3.5,0.0,0.0
:5269795384_0,3.5,0.0,0.0
:5269795384_1,3.5,0.0,0.0
:5269795385_0,3.5,0.0,0.0
:5269795385_1,3.5,0.0,0.0
:5269795393_0,3.5,0.0,0.0
:5269795401_0,3.5,0.0,0.0
:5269795404_0,3.5,0.0,0.0
:5269795408_0,3.5,0.0,0.0
:5269795409_0,3.5,0.0,0.0
:5269795409_1,3.5,0.0,0.0
:5269795410_0,3.5,0.0,0.0
:5269795411_0,3.5,0.0,0.0
:5269796740_0,3.5,0.0,0.0
:5269796740_1,3.5,0.0,0.0
:5269796740_2,3.5,0.0,0.0
:5269796740_3,3.5,0.0,0.0
:5269811211_0,3.5,0.0,0.0
:5269811215_0,3.5,0.0,0.0
:5269811218_0,3.5,0.0,0.0
:5269812421_0,3.5,0.0,0.0
:5269812422_0,3.5,0.0,0.0
:5269812422_1,3.5,0.0,0.0
:5269812423_0,3.5,0.0,0.0
:5269812451_0,3.5,0.0,0.0
:5269812455_0,3.5,0.0,0.0
:5269812456_0,3.5,0.0,0.0
:5269812456_1,3.5,0.0,0.0
:5269812456_2,3.5,0.0,0.0
:5269812456_3,3.5,0.0,0.0
:5269812457_0,3.5,0.0,0.0
:5514573861_0,3.5,0.0,0.0
:558884_0,3.5,0.0,0.0
:558888_0,3.5,0.0,0.0
:558888_1,3.5,0.0,0.0
:558889_0,3.5,0.0,0.0
:558892_0,3.5,0.0,0.0
:558892_2,3.5,0.0,0.0
:558892_3,3.5,0.0,0.0
:558892_5,3.5,0.0,0.0
:561092_0,3.5,0.0,0.0
:561654_0,3.5,0.0,0.0
:561654_1,3.5,0.0,0.0
:561657_0,3.5,0.0,0.0
:561657_1,3.5,0.0,0.0
:561666_0,3.5,0.0,0.0
:561666_1,3.5,0.0,0.0
:561666_3,3.5,0.0,0.0
:561666_4,3.5,0.0,0.0
:561666_5,3.5,0.0,0.0
:561666_6,3.5,0.0,0.0
:561922_0,3.5,0.0,0.0
:561922_1,3.5,0.0,0.0
:561922_10,3.5,0.0,0.0
:561922_11,3.5,0.0,0.0
:561922_12,3.5,0.0,0.0
:561922_13,3.5,0.0,0.0
:561922_14,3.5,0.0,0.0
:561922_15,3.5,0.0,0.0
:561922_2,3.5,0.0,0.0
:561922_3,3.5,0.0,0.0
:561922_4,3.5,0.0,0.0
:561922_5,3.5,0.0,0.0
:561922_6,3.5,0.0,0.0
:561922_7,3.5,0.0,0.0
:561922_8,3.5,0.0,0.0
:561922_9,3.5,0.0,0.0
:581268645_0,3.5,0.0,0.0
:581268648_0,3.5,0.0,0.0
:581268693_0,3.5,0.0,0.0
:581749972_0,3.5,0.0,0.0
:581749975_0,3.5,0.0,0.0
:582504513_0,3.5,0.0,0.0
:587850264_0,3.5,0.0,0.0
:5891155275_0,3.5,0.0,0.0
:5891155275_1,3.5,0.0,0.0
:5891155275_2,3.5,0.0,0.0
:5891155275_3,3.5,0.0,0.0
:5891155275_4,3.5,0.0,0.0
:5891155275_5,3.5,0.0,0.0
:5891155276_0,3.5,0.0,0.0
:5891155276_1,3.5,0.0,0.0
:5891155276_2,3.5,0.0,0.0
:5891155276_3,3.5,0.0,0.0
:5891155278_0,3.5,0.0,0.0
:5921611233_0,3.5,0.0,0.0
:5921611234_0,3.5,0.0,0.0
:594806_0,3.5,0.0,0.0
:594806_1,3.5,0.0,0.0
:594806_2,3.5,0.0,0.0
:594806_3,3.5,0.0,0.0
:594806_4,3.5,1.0,6.916504858937352
:594806_5,3.5,0.0,0.0
:594806_6,3.5,0.0,0.0
:594807_0,3.5,0.0,0.0
:594807_1,3.5,0.0,0.0
:594808_0,3.5,0.0,0.0
:594808_1,3.5,0.0,0.0
:594808_2,3.5,0.0,0.0
:594808_3,3.5,0.0,0.0
:594808_4,3.5,0.0,0.0
:594808_5,3.5,0.0,0.0
:594809_0,3.5,0.0,0.0
:594809_1,3.5,0.0,0.0
:594809_2,3.5,0.0,0.0
:594809_3,3.5,0.0,0.0
:594809_4,3.5,0.0,0.0
:594809_5,3.5,0.0,0.0
:594811_0,3.5,0.0,0.0
:594811_1,3.5,0.0,0.0
:594817_0,3.5,0.0,0.0
:594817_2,3.5,0.0,0.0
:599567_0,3.5,0.0,0.0
:599567_1,3.5,0.0,0.0
:599567_2,3.5,0.0,0.0
:599567_3,3.5,0.0,0.0
:599567_4,3.5,0.0,0.0
:599567_5,3.5,0.0,0.0
:599571_0,3.5,0.0,0.0
:599571_1,3.5,0.0,0.0
:599571_2,3.5,0.0,0.0
:599571_3,3.5,0.0,0.0
:599571_4,3.5,0.0,0.0
:599571_5,3.5,0.0,0.0
:599581_0,3.5,0.0,0.0
:599581_1,3.5,0.0,0.0
:599581_2,3.5,0.0,0.0
:599587_0,3.5,0.0,0.0
:599587_1,3.5,0.0,0.0
:599598_0,3.5,0.0,0.0
:599598_1,3.5,0.0,0.0
:599610_0,3.5,0.0,0.0
:599619_0,3.5,0.0,0.0
:599661_0,3.5,0.0,0.0
:599661_1,3.5,0.0,0.0
:599661_2,3.5,0.0,0.0
:599661_3,3.5,0.0,0.0
:599663_0,3.5,0.0,0.0
:599663_1,3.5,0.0,0.0
:599663_2,3.5,0.0,0.0
:599663_3,3.5,0.0,0.0
:599667_0,3.5,0.0,0.0
:599667_1,3.5,0.0,0.0
:599667_2,3.5,0.0,0.0
:6235554306_0,3.5,0.0,0.0
:6235554306_1,3.5,0.0,0.0
:6235554306_2,3.5,0.0,0.0
:6235554306_3,3.5,0.0,0.0
:6235554306_4,3.5,0.0,0.0
:6291259480_0,3.5,0.0,0.0
:6291259481_0,3.5,0.0,0.0
:6291259481_1,3.5,0.0,0.0
:6291259481_2,3.5,0.0,0.0
:6291259481_3,3.5,0.0,0.0
:6291259481_4,3.5,0.0,0.0
:6291259481_5,3.5,0.0,0.0
:6291259482_0,3.5,0.0,0.0
:6291259482_1,3.5,0.0,0.0
:6291259482_2,3.5,0.0,0.0
:6291259482_3,3.5,0.0,0.0
:6296472652_0,3.5,0.0,0.0
:6296472653_0,3.5,0.0,0.0
:6296472653_1,3.5,0.0,0.0
:6296472653_2,3.5,0.0,0.0
:6296472653_3,3.5,0.0,0.0
:6296472653_4,3.5,0.0,0.0
:6296472653_5,3.5,0.0,0.0
:6296472653_6,3.5,0.0,0.0
:6296472653_7,3.5,0.0,0.0
:6296472653_8,3.5,0.0,0.0
:6296472654_0,3.5,0.0,0.0
:6296472655_0,3.5,0.0,0.0
:6296472656_0,3.5,0.0,0.0
:6296472656_1,3.5,0.0,0.0
:6296472656_2,3.5,0.0,0.0
:6296472656_3,3.5,0.0,0.0
:6296472656_4,3.5,0.0,0.0
:6296472656_5,3.5,0.0,0.0
:6296472656_6,3.5,0.0,0.0
:6296472656_7,3.5,0.0,0.0
:6296472656_8,3.5,0.0,0.0
:6296472658_0,3.5,0.0,0.0
:6296472658_1,3.5,0.0,0.0
:6296472658_2,3.5,0.0,0.0
:6296472658_3,3.5,0.0,0.0
:6296472658_4,3.5,0.0,0.0
:6296472658_5,3.5,0.0,0.0
:6296472658_6,3.5,0.0,0.0
:6296472658_7,3.5,0.0,0.0
:6296472658_8,3.5,0.0,0.0
:6296472659_0,3.5,0.0,0.0
:6296472659_1,3.5,0.0,0.0
:6296472659_3,3.5,0.0,0.0
:6296472659_4,3.5,0.0,0.0
:6331495117_0,3.5,0.0,0.0
:637061488_0,3.5,0.0,0.0
:637061488_2,3.5,0.0,0.0
:637061488_3,3.5,0.0,0.0
:637061488_4,3.5,0.0,0.0
:637061488_5,3.5,0.0,0.0
:637061488_6,3.5,0.0,0.0
:637061488_9,3.5,0.0,0.0
:637061491_0,3.5,0.0,0.0
:637061491_1,3.5,0.0,0.0
:637061491_3,3.5,0.0,0.0
:637061491_5,3.5,0.0,0.0
:637061491_6,3.5,0.0,0.0
:637061491_9,3.5,0.0,0.0
:637061492_0,3.5,0.0,0.0
:637061492_1,3.5,0.0,0.0
:637061492_4,3.5,0.0,0.0
:638799977_0,3.5,0.0,0.0
:638805552_0,3.5,0.0,0.0
:638805552_2,3.5,0.0,0.0
:6389378834_0,3.5,0.0,0.0
:6389378849_0,3.5,0.0,0.0
:6389378850_0,3.5,0.0,0.0
:6389378850_1,3.5,0.0,0.0
:6389378851_0,3.5,0.0,0.0
:6389379008_0,3.5,0.0,0.0
:6389379009_0,3.5,0.0,0.0
:6389379010_0,3.5,0.0,0.0
:6389379010_1,3.5,0.0,0.0
:6389379011_0,3.5,0.0,0.0
:6389379011_1,3.5,0.0,0.0
:6389379011_2,3.5,0.0,0.0
:6389379011_3,3.5,0.0,0.0
:6389379011_4,3.5,0.0,0.0
:6389379011_5,3.5,0.0,0.0
:6389379011_6,3.5,0.0,0.0
:6389379011_7,3.5,0.0,0.0
:6389379025_0,3.5,0.0,0.0
:6389379025_1,3.5,0.0,0.0
:6389379039_0,3.5,0.0,0.0
:6389379044_0,3.5,0.0,0.0
:6389379045_0,3.5,0.0,0.0
:6389379045_1,3.5,0.0,0.0
:6389379054_0,3.5,0.0,0.0
:6389379057_0,3.5,0.0,0.0
:6389379057_1,3.5,0.0,0.0
:6389379057_2,3.5,0.0,0.0
:6389379057_3,3.5,0.0,0.0
:6389379057_4,3.5,0.0,0.0
:6389379057_5,3.5,0.0,0.0
:6389379060_0,3.5,0.0,0.0
:6389379075_0,3.5,0.0,0.0
:6389379077_0,3.5,0.0,0.0
:6389379077_1,3.5,0.0,0.0
:6389379077_2,3.5,0.0,0.0
:6389379077_3,3.5,0.0,0.0
:6389379078_0,3.5,0.0,0.0
:6389379078_1,3.5,0.0,0.0
:6389379078_2,3.5,0.0,0.0
:6389379078_3,3.5,0.0,0.0
:6389379079_0,3.5,0.0,0.0
:6389379079_1,3.5,0.0,0.0
:6389379079_2,3.5,0.0,0.0
:6389379079_3,3.5,0.0,0.0
:6389379079_4,3.5,0.0,0.0
:6389379079_5,3.5,0.0,0.0
:6389379079_6,3.5,0.0,0.0
:6389379079_7,3.5,0.0,0.0
:6389379081_0,3.5,0.0,0.0
:6389379081_1,3.5,0.0,0.0
:6389379081_2,3.5,0.0,0.0
:6389379081_3,3.5,0.0,0.0
:6389379081_4,3.5,0.0,0.0
:6389379081_5,3.5,0.0,0.0
:6389379083_0,3.5,0.0,0.0
:6389379389_0,3.5,0.0,0.0
:6389379389_1,3.5,0.0,0.0
:6389379389_2,3.5,0.0,0.0
:6389379389_3,3.5,0.0,0.0
:6389379402_0,3.5,0.0,0.0
:6389379412_0,3.5,0.0,0.0
:6389379420_0,3.5,0.0,0.0
:6389379420_1,3.5,0.0,0.0
:6389379420_2,3.5,0.0,0.0
:6389379420_3,3.5,0.0,0.0
:6389379424_0,3.5,0.0,0.0
:6389379430_0,3.5,0.0,0.0
:6389379432_0,3.5,0.0,0.0
:6389379432_1,3.5,0.0,0.0
:6389379432_2,3.5,0.0,0.0
:6389379432_3,3.5,0.0,0.0
:6389379433_0,3.5,0.0,0.0
:6389379433_1,3.5,0.0,0.0
:6389379433_2,3.5,0.0,0.0
:6389379433_3,3.5,0.0,0.0
:6389379433_4,3.5,0.0,0.0
:6389379433_5,3.5,0.0,0.0
:6389379433_6,3.5,0.0,0.0
:6389379433_7,3.5,0.0,0.0
:6389379437_0,3.5,0.0,0.0
:6389379437_1,3.5,0.0,0.0
:6389379446_0,3.5,0.0,0.0
:6389379446_1,3.5,0.0,0.0
:6389379456_0,3.5,0.0,0.0
:6389379456_1,3.5,0.0,0.0
:6503695942_0,3.5,0.0,0.0
:6503695942_1,3.5,0.0,0.0
:6503695942_2,3.5,0.0,0.0
:6503695942_3,3.5,0.0,0.0
:6503695942_4,3.5,0.0,0.0
:6503695942_5,3.5,0.0,0.0
:6865389181_0,3.5,0.0,0.0
:6865389182_0,3.5,0.0,0.0
:6865389182_1,3.5,0.0,0.0
:6865389182_2,3.5,0.0,0.0
:6865389182_3,3.5,0.0,0.0
:6865389182_4,3.5,0.0,0.0
:6865389182_5,3.5,0.0,0.0
:6865389182_6,3.5,0.0,0.0
:6865389182_7,3.5,0.0,0.0
:7193350896_0,3.5,0.0,0.0
:7222398301_0,3.5,0.0,0.0
:7222398305_0,3.5,0.0,0.0
:7222398305_1,3.5,0.0,0.0
:7222398305_2,3.5,0.0,0.0
:7222398305_3,3.5,0.0,0.0
:7222398305_4,3.5,0.0,0.0
:7222398305_5,3.5,0.0,0.0
:7222398305_6,3.5,0.0,0.0
:7222398305_7,3.5,0.0,0.0
:724226249_0,3.5,0.0,0.0
:7243202062_0,3.5,0.0,0.0
:7243202063_0,3.5,0.0,0.0
:7243202065_0,3.5,0.0,0.0
:7243202065_1,3.5,0.0,0.0
:7243380698_0,3.5,0.0,0.0
:7243380698_2,3.5,0.0,0.0
:7255948539_0,3.5,0.0,0.0
:7255948539_1,3.5,0.0,0.0
:7255948539_2,3.5,0.0,0.0
:7255948539_3,3.5,0.0,0.0
:7255948539_4,3.5,0.0,0.0
:7255948539_5,3.5,0.0,0.0
:7255948539_6,3.5,0.0,0.0
:7255948539_7,3.5,0.0,0.0
:7255948539_8,3.5,0.0,0.0
:7255948547_0,3.5,0.0,0.0
:7285172301_0,3.5,0.0,0.0
:7285172301_2,3.5,0.0,0.0
:7285172301_3,3.5,0.0,0.0
:7285172301_4,3.5,0.0,0.0
:7285172302_0,3.5,0.0,0.0
:7285172302_1,3.5,0.0,0.0
:7285172302_2,3.5,0.0,0.0
:7285172302_3,3.5,0.0,0.0
:7285172302_4,3.5,0.0,0.0
:7285172302_5,3.5,0.0,0.0
:7285172302_6,3.5,0.0,0.0
:7285172302_7,3.5,0.0,0.0
:7285172302_8,3.5,0.0,0.0
:7372880911_0,3.5,0.0,0.0
:7372880911_1,3.5,0.0,0.0
:7372880911_2,3.5,0.0,0.0
:7372880911_3,3.5,0.0,0.0
:7372880911_4,3.5,0.0,0.0
:7372880911_5,3.5,0.0,0.0
:7372880911_6,3.5,0.0,0.0
:7372880911_7,3.5,0.0,0.0
:7372880912_0,3.5,0.0,0.0
:7373597302_0,3.5,0.0,0.0
:7373597302_1,3.5,0.0,0.0
:7373597302_2,3.5,0.0,0.0
:7373597302_3,3.5,0.0,0.0
:7373597303_0,3.5,0.0,0.0
:742704926_0,3.5,0.0,0.0
:742741980_0,3.5,0.0,0.0
:742741980_1,3.5,0.0,0.0
:742741980_10,3.5,0.0,0.0
:742741980_11,3.5,0.0,0.0
:742741980_2,3.5,0.0,0.0
:742741980_3,3.5,0.0,0.0
:742741980_4,3.5,0.0,0.0
:742741980_5,3.5,0.0,0.0
:742741980_6,3.5,0.0,0.0
:742741980_7,3.5,0.0,0.0
:742741980_8,3.5,0.0,0.0
:742741980_9,3.5,0.0,0.0
:742743072_0,3.5,0.0,0.0
:742743072_1,3.5,0.0,0.0
:742743072_2,3.5,0.0,0.0
:742743072_3,3.5,0.0,0.0
:742743072_4,3.5,0.0,0.0
:742743072_5,3.5,0.0,0.0
:742743072_6,3.5,0.0,0.0
:742743072_7,3.5,0.0,0.0
:742743072_8,3.5,0.0,0.0
:742744531_0,3.5,0.0,0.0
:742744531_1,3.5,0.0,0.0
:742744531_2,3.5,0.0,0.0
:742744531_3,3.5,0.0,0.0
:742750839_0,3.5,0.0,0.0
:742750839_4,3.5,0.0,0.0
:742750839_5,3.5,0.0,0.0
:742750839_7,3.5,0.0,0.0
:742751270_0,3.5,0.0,0.0
:742751270_1,3.5,0.0,0.0
:742751270_2,3.5,0.0,0.0
:742751270_3,3.5,0.0,0.0
:742759656_0,3.5,0.0,0.0
:742759656_1,3.5,0.0,0.0
:742759656_10,3.5,0.0,0.0
:742759656_11,3.5,0.0,0.0
:742759656_12,3.5,0.0,0.0
:742759656_13,3.5,0.0,0.0
:742759656_14,3.5,0.0,0.0
:742759656_15,3.5,0.0,0.0
:742759656_2,3.5,0.0,0.0
:742759656_3,3.5,0.0,0.0
:742759656_4,3.5,0.0,0.0
:742759656_5,3.5,0.0,0.0
:742759656_6,3.5,0.0,0.0
:742759656_7,3.5,0.0,0.0
:742759656_8,3.5,0.0,0.0
:742759656_9,3.5,0.0,0.0
:742760804_0,3.5,0.0,0.0
:742765518_0,3.5,0.0,0.0
:742765518_1,3.5,0.0,0.0
:742765518_2,3.5,0.0,0.0
:742765518_3,3.5,0.0,0.0
:742765518_4,3.5,0.0,0.0
:742765518_5,3.5,0.0,0.0
:742765518_6,3.5,0.0,0.0
:742765518_7,3.5,0.0,0.0
:742765518_8,3.5,0.0,0.0
:742779781_0,3.5,0.0,0.0
:742779781_1,3.5,0.0,0.0
:742779781_2,3.5,0.0,0.0
:742779781_3,3.5,0.0,0.0
:742779781_4,3.5,0.0,0.0
:742779781_5,3.5,0.0,0.0
:742844785_0,3.5,0.0,0.0
:742844785_1,3.5,0.0,0.0
:742844785_2,3.5,0.0,0.0
:742844785_3,3.5,0.0,0.0
:742844785_4,3.5,0.0,0.0
:742844785_5,3.5,0.0,0.0
:742844785_6,3.5,0.0,0.0
:742844785_7,3.5,0.0,0.0
:742844785_8,3.5,0.0,0.0
:742877844_0,3.5,0.0,0.0
:742877844_1,3.5,0.0,0.0
:742877844_2,3.5,0.0,0.0
:742877844_3,3.5,0.0,0.0
:742877844_4,3.5,0.0,0.0
:742877844_5,3.5,0.0,0.0
:742893173_0,3.5,0.0,0.0
:742910156_0,3.5,0.0,0.0
:742910156_1,3.5,0.0,0.0
:742914838_0,3.5,0.0,0.0
:742914838_1,3.5,0.0,0.0
:742914838_2,3.5,0.0,0.0
:742914838_3,3.5,0.0,0.0
:742914838_4,3.5,0.0,0.0
:742914838_5,3.5,0.0,0.0
:742975508_0,3.5,0.0,0.0
:742975508_1,3.5,0.0,0.0
:742975508_2,3.5,0.0,0.0
:742975508_3,3.5,0.0,0.0
:742975508_4,3.5,0.0,0.0
:742975508_5,3.5,0.0,0.0
:742975664_0,3.5,0.0,0.0
:742975664_1,3.5,0.0,0.0
:742975664_2,3.5,0.0,0.0
:742975664_3,3.5,0.0,0.0
:742975664_4,3.5,0.0,0.0
:742975664_5,3.5,0.0,0.0
:743324324_0,3.5,0.0,0.0
:743324324_1,3.5,0.0,0.0
:743357416_0,3.5,0.0,0.0
:760309011_0,3.5,0.0,0.0
:760309011_1,3.5,0.0,0.0
:760309011_2,3.5,0.0,0.0
:760309011_3,3.5,0.0,0.0
:760309011_4,3.5,0.0,0.0
:760309012_0,3.5,0.0,0.0
:760309012_1,3.5,0.0,0.0
:760309013_0,3.5,0.0,0.0
:760309013_2,3.5,0.0,0.0
:760309016_0,3.5,0.0,0.0
:760309016_1,3.5,0.0,0.0
:760309049_0,3.5,0.0,0.0
:760309062_0,3.5,0.0,0.0
:760309062_1,3.5,0.0,0.0
:760309095_0,3.5,0.0,0.0
:760309095_1,3.5,0.0,0.0
:760309097_0,3.5,0.0,0.0
:760309097_1,3.5,0.0,0.0
:760309099_0,3.5,0.0,0.0
:760309101_0,3.5,0.0,0.0
:760309101_1,3.5,0.0,0.0
:760309119_0,3.5,0.0,0.0
:760309171_0,3.5,0.0,0.0
:760309194_0,3.5,0.0,0.0
:760309194_1,3.5,0.0,0.0
:760309196_0,3.5,0.0,0.0
:760309196_1,3.5,0.0,0.0
:760309196_10,3.5,0.0,0.0
:760309196_11,3.5,0.0,0.0
:760309196_12,3.5,0.0,0.0
:760309196_13,3.5,0.0,0.0
:760309196_14,3.5,0.0,0.0
:760309196_2,3.5,0.0,0.0
:760309196_3,3.5,0.0,0.0
:760309196_4,3.5,0.0,0.0
:760309196_5,3.5,0.0,0.0
:760309196_6,3.5,0.0,0.0
:760309196_7,3.5,0.0,0.0
:760309196_8,3.5,0.0,0.0
:760309196_9,3.5,0.0,0.0
:760309231_0,3.5,0.0,0.0
:760309231_1,3.5,0.0,0.0
:760309231_2,3.5,0.0,0.0
:760309231_3,3.5,0.0,0.0
:760309231_4,3.5,0.0,0.0
:760309235_0,3.5,0.0,0.0
:760309235_1,3.5,0.0,0.0
:760309243_0,3.5,0.0,0.0
:760309243_1,3.5,0.0,0.0
:760309243_2,3.5,0.0,0.0
:760309243_3,3.5,0.0,0.0
:760309243_4,3.5,0.0,0.0
:760309244_0,3.5,0.0,0.0
:760309244_1,3.5,0.0,0.0
:7614844151_0,3.5,0.0,0.0
:7614844151_1,3.5,0.0,0.0
:7614844151_2,3.5,0.0,0.0
:7614844151_3,3.5,0.0,0.0
:7614844155_0,3.5,0.0,0.0
:763176109_0,3.5,0.0,0.0
:763176109_1,3.5,0.0,0.0
:763176127_0,3.5,0.0,0.0
:763176127_1,3.5,0.0,0.0
:763176151_0,3.5,0.0,0.0
:763176151_1,3.5,0.0,0.0
:763176153_0,3.5,0.0,0.0
:763176153_1,3.5,0.0,0.0
:763176181_0,3.5,0.0,0.0
:763176181_1,3.5,0.0,0.0
:763176188_0,3.5,0.0,0.0
:763176188_1,3.5,0.0,0.0
:763176194_0,3.5,0.0,0.0
:763176194_1,3.5,0.0,0.0
:763176194_2,3.5,0.0,0.0
:763176194_3,3.5,0.0,0.0
:763176194_4,3.5,0.0,0.0
:763176194_5,3.5,0.0,0.0
:763176194_7,3.5,0.0,0.0
:763176194_8,3.5,0.0,0.0
:763176198_0,3.5,0.0,0.0
:763176198_1,3.5,0.0,0.0
:763176212_0,3.5,0.0,0.0
:763176212_1,3.5,0.0,0.0
:763176227_0,3.5,0.0,0.0
:763176227_3,3.5,0.0,0.0
:763176229_0,3.5,0.0,0.0
:763176229_1,3.5,0.0,0.0
:763176278_0,3.5,0.0,0.0
:763176278_1,3.5,0.0,0.0
:763176304_0,3.5,0.0,0.0
:763176304_1,3.5,0.0,0.0
:763176308_0,3.5,0.0,0.0
:763176308_1,3.5,0.0,0.0
:763176310_0,3.5,0.0,0.0
:763176310_1,3.5,0.0,0.0
:763176313_0,3.5,0.0,0.0
:763176313_1,3.5,0.0,0.0
:763176319_0,3.5,0.0,0.0
:763176319_1,3.5,0.0,0.0
:763176322_0,3.5,0.0,0.0
:763176331_0,3.5,0.0,0.0
:763176331_1,3.5,0.0,0.0
:7658337375_0,3.5,0.0,0.0
:7658337376_0,3.5,0.0,0.0
:7658337376_1,3.5,0.0,0.0
:769849571_0,3.5,0.0,0.0
:769849571_3,3.5,0.0,0.0
:775067702_0,3.5,0.0,0.0
:775067702_1,3.5,0.0,0.0
:775067702_2,3.5,0.0,0.0
:775067702_3,3.5,0.0,0.0
:775067702_4,3.5,0.0,0.0
:775067709_0,3.5,0.0,0.0
:775067709_1,3.5,0.0,0.0
:775067711_0,3.5,0.0,0.0
:775067711_1,3.5,0.0,0.0
:775067713_0,3.5,0.0,0.0
:775067713_2,3.5,0.0,0.0
:775067713_3,3.5,0.0,0.0
:775067713_4,3.5,0.0,0.0
:775067713_6,3.5,0.0,0.0
:775067713_7,3.5,0.0,0.0
:775067717_0,3.5,0.0,0.0
:775067717_1,3.5,0.0,0.0
:775360445_0,3.5,0.0,0.0
:775360445_1,3.5,0.0,0.0
:7783716137_0,3.5,0.0,0.0
:7783716138_0,3.5,0.0,0.0
:7783716138_1,3.5,0.0,0.0
:7783716138_2,3.5,0.0,0.0
:7783716138_3,3.5,0.0,0.0
:7783716138_4,3.5,0.0,0.0
:7783716138_5,3.5,0.0,0.0
:7783716138_6,3.5,0.0,0.0
:7783716138_7,3.5,0.0,0.0
:7783716138_8,3.5,0.0,0.0
:782686058_0,3.5,0.0,0.0
:782686058_1,3.5,0.0,0.0
:782686061_0,3.5,0.0,0.0
:782686061_1,3.5,0.0,0.0
:782686061_2,3.5,0.0,0.0
:782686061_3,3.5,0.0,0.0
:782686061_4,3.5,0.0,0.0
:782686061_5,3.5,0.0,0.0
:782686061_6,3.5,0.0,0.0
:782686061_7,3.5,0.0,0.0
:782686061_8,3.5,0.0,0.0
:782686096_0,3.5,0.0,0.0
:782686096_1,3.5,0.0,0.0
:782686096_2,3.5,0.0,0.0
:782686096_3,3.5,0.0,0.0
:782686127_0,3.5,0.0,0.0
:787803824_0,3.5,0.0,0.0
:787803824_1,3.5,0.0,0.0
:787803824_2,3.5,0.0,0.0
:787803824_3,3.5,0.0,0.0
:787803824_4,3.5,0.0,0.0
:787803824_5,3.5,0.0,0.0
:787803824_6,3.5,0.0,0.0
:787803824_7,3.5,0.0,0.0
:787803824_8,3.5,0.0,0.0
:787803828_0,3.5,0.0,0.0
:787803828_1,3.5,0.0,0.0
:787803828_2,3.5,0.0,0.0
:787803828_3,3.5,0.0,0.0
:787803828_4,3.5,0.0,0.0
:787803828_5,3.5,0.0,0.0
:787803828_6,3.5,0.0,0.0
:787803828_7,3.5,0.0,0.0
:7927549313_0,3.5,0.0,0.0
:7927549313_1,3.5,0.0,0.0
:7927549313_2,3.5,0.0,0.0
:7927549313_3,3.5,0.0,0.0
:7934790688_0,3.5,0.0,0.0
:7934790688_1,3.5,0.0,0.0
:7934824619_0,3.5,0.0,0.0
:7934824619_1,3.5,0.0,0.0
:7934824620_0,3.5,0.0,0.0
:7934824624_0,3.5,0.0,0.0
:7934824624_1,3.5,0.0,0.0
:7934824624_2,3.5,0.0,0.0
:7934824624_3,3.5,0.0,0.0
:7934824624_4,3.5,0.0,0.0
:7934824624_5,3.5,0.0,0.0
:7934824624_6,3.5,0.0,0.0
:7934824624_7,3.5,0.0,0.0
:7934824624_8,3.5,0.0,0.0
:7934824625_0,3.5,0.0,0.0
:7934824626_0,3.5,0.0,0.0
:7936957498_0,3.5,0.0,0.0
:7936957498_1,3.5,0.0,0.0
:803169851_0,3.5,0.0,0.0
:803169872_0,3.5,0.0,0.0
:803169890_0,3.5,0.0,0.0
:803169919_0,3.5,0.0,0.0
:803169919_1,3.5,0.0,0.0
:803169919_10,3.5,0.0,0.0
:803169919_11,3.5,0.0,0.0
:803169919_12,3.5,0.0,0.0
:803169919_2,3.5,0.0,0.0
:803169919_3,3.5,0.0,0.0
:803169919_4,3.5,0.0,0.0
:803169919_6,3.5,0.0,0.0
:803169919_7,3.5,0.0,0.0
:803169919_8,3.5,0.0,0.0
:803169919_9,3.5,0.0,0.0
:803169961_0,3.5,0.0,0.0
:809818299_0,3.5,0.0,0.0
:8146350550_0,3.5,0.0,0.0
:8342958565_0,3.5,0.0,0.0
:834384889_0,3.5,0.0,0.0
:834384889_1,3.5,0.0,0.0
:834384943_0,3.5,0.0,0.0
:834384945_0,3.5,0.0,0.0
:834384945_1,3.5,0.0,0.0
:84901966_0,3.5,0.0,0.0
:84901966_1,3.5,0.0,0.0
:8614378878_0,3.5,0.0,0.0
:8614378878_2,3.5,0.0,0.0
:8614378889_0,3.5,0.0,0.0
:8865577154_0,3.5,0.0,0.0
:8865577155_0,3.5,0.0,0.0
:8947364045_0,3.5,0.0,0.0
:8947364045_1,3.5,0.0,0.0
:8947364046_0,3.5,0.0,0.0
:8947364046_1,3.5,0.0,0.0
:8947364047_0,3.5,0.0,0.0
:8947364047_1,3.5,0.0,0.0
:8947364048_0,3.5,0.0,0.0
:8947364048_1,3.5,0.0,0.0
:8999502305_0,3.5,0.0,0.0
:8999502305_1,3.5,0.0,0.0
:8999502305_2,3.5,0.0,0.0
:8999502305_3,3.5,0.0,0.0
:8999502306_0,3.5,0.0,0.0
:8999502306_1,3.5,0.0,0.0
:9312666781_0,3.5,0.0,0.0
:939775753_0,3.5,0.0,0.0
:939775753_1,3.5,0.0,0.0
:9444626192_0,3.5,0.0,0.0
:9444626192_1,3.5,0.0,0.0
:950410568_0,3.5,0.0,0.0
:950410568_1,3.5,0.0,0.0
:950410568_10,3.5,0.0,0.0
:950410568_2,3.5,0.0,0.0
:950410568_3,3.5,0.0,0.0
:950410568_4,3.5,0.0,0.0
:950410568_5,3.5,0.0,0.0
:950410568_6,3.5,0.0,0.0
:950410568_7,3.5,0.0,0.0
:950410568_8,3.5,0.0,0.0
:950410568_9,3.5,0.0,0.0
:950410660_0,3.5,0.0,0.0
:950410676_0,3.5,0.0,0.0
:950410676_1,3.5,0.0,0.0
:950410676_2,3.5,0.0,0.0
:950410676_3,3.5,0.0,0.0
:950410739_0,3.5,0.0,0.0
:950410739_1,3.5,0.0,0.0
:950410739_10,3.5,0.0,0.0
:950410739_11,3.5,0.0,0.0
:950410739_12,3.5,0.0,0.0
:950410739_3,3.5,0.0,0.0
:950410739_4,3.5,0.0,0.0
:950410739_5,3.5,0.0,0.0
:950410739_6,3.5,0.0,0.0
:950410739_7,3.5,0.0,0.0
:950410739_8,3.5,0.0,0.0
:950410739_9,3.5,0.0,0.0
:950410825_0,3.5,0.0,0.0
:950410876_0,3.5,0.0,0.0
:950411016_0,3.5,0.0,0.0
:950411016_1,3.5,0.0,0.0
:950411016_2,3.5,0.0,0.0
:950411016_3,3.5,0.0,0.0
:950411064_0,3.5,0.0,0.0
:950411064_1,3.5,0.0,0.0
:950411094_0,3.5,0.0,0.0
:950411094_1,3.5,0.0,0.0
:950411094_2,3.5,0.0,0.0
:950411094_3,3.5,0.0,0.0
:950411094_4,3.5,0.0,0.0
:950411094_5,3.5,0.0,0.0
:950411094_6,3.5,0.0,0.0
:950411094_7,3.5,0.0,0.0
:950411094_8,3.5,0.0,0.0
:950411223_0,3.5,0.0,0.0
:950411223_1,3.5,0.0,0.0
:950411223_10,3.5,0.0,0.0
:950411223_11,3.5,0.0,0.0
:950411223_12,3.5,0.0,0.0
:950411223_13,3.5,0.0,0.0
:950411223_2,3.5,0.0,0.0
:950411223_3,3.5,0.0,0.0
:950411223_4,3.5,0.0,0.0
:950411223_7,3.5,0.0,0.0
:950411223_8,3.5,0.0,0.0
:950411223_9,3.5,0.0,0.0
:950411340_0,3.5,0.0,0.0
:950411340_1,3.5,0.0,0.0
:950411340_2,3.5,0.0,0.0
:950411340_3,3.5,0.0,0.0
:950411418_0,3.5,0.0,0.0
:950411418_1,3.5,0.0,0.0
:950411421_0,3.5,0.0,0.0
:950411421_1,3.5,0.0,0.0
:950411421_10,3.5,0.0,0.0
:950411421_11,3.5,0.0,0.0
:950411421_12,3.5,0.0,0.0
:950411421_3,3.5,0.0,0.0
:950411421_4,3.5,0.0,0.0
:950411421_5,3.5,0.0,0.0
:950411421_6,3.5,0.0,0.0
:950411421_7,3.5,0.0,0.0
:950411421_8,3.5,0.0,0.0
:950411421_9,3.5,0.0,0.0
:950411463_0,3.5,0.0,0.0
:950411463_1,3.5,0.0,0.0
:950411463_3,3.5,0.0,0.0
:950411463_4,3.5,0.0,0.0
:950411475_0,3.5,0.0,0.0
:950411475_1,3.5,0.0,0.0
:950411475_2,3.5,0.0,0.0
:950411475_3,3.5,0.0,0.0
:950411485_0,3.5,0.0,0.0
:950411485_1,3.5,0.0,0.0
:950411485_2,3.5,0.0,0.0
:950411485_3,3.5,0.0,0.0
:950411485_4,3.5,0.0,0.0
:950411485_5,3.5,0.0,0.0
:950411485_6,3.5,0.0,0.0
:950411485_7,3.5,0.0,0.0
:950411485_8,3.5,0.0,0.0
:950411506_0,3.5,0.0,0.0
:950411506_1,3.5,0.0,0.0
:950411506_2,3.5,0.0,0.0
:950411506_3,3.5,0.0,0.0
:950411516_0,3.5,0.0,0.0
:950411516_1,3.5,0.0,0.0
:950411565_0,3.5,0.0,0.0
:950411565_1,3.5,0.0,0.0
:950411565_10,3.5,0.0,0.0
:950411565_11,3.5,0.0,0.0
:950411565_12,3.5,0.0,0.0
:950411565_13,3.5,0.0,0.0
:950411565_2,3.5,0.0,0.0
:950411565_3,3.5,0.0,0.0
:950411565_4,3.5,0.0,0.0
:950411565_5,3.5,0.0,0.0
:950411565_6,3.5,0.0,0.0
:950411565_7,3.5,0.0,0.0
:950411722_0,3.5,0.0,0.0
:9681000508_0,3.5,0.0,0.0
:9681000508_1,3.5,0.0,0.0
:9681000508_2,3.5,0.0,0.0
:9681000508_3,3.5,0.0,0.0
:9681000508_4,3.5,0.0,0.0
:9681000508_5,3.5,0.0,0.0
:9681000508_6,3.5,0.0,0.0
:9681000508_7,3.5,0.0,0.0
:9681000508_8,3.5,0.0,0.0
:9806981129_0,3.5,0.0,0.0
:982775282_0,3.5,0.0,0.0
:982775282_1,3.5,0.0,0.0
:982775454_0,3.5,0.0,0.0
:982775454_1,3.5,1.0,6.916504858937352
:983438469_0,3.5,0.0,0.0
:983438469_2,3.5,0.0,0.0
:983438469_4,3.5,0.0,0.0
:983438469_6,3.5,0.0,0.0
:983438478_0,3.5,0.0,0.0
:983438478_1,3.5,0.0,0.0
:983438478_2,3.5,0.0,0.0
:983438478_3,3.5,0.0,0.0
:983438478_4,3.5,0.0,0.0
:983438478_5,3.5,0.0,0.0
:983438481_0,3.5,0.0,0.0
:983438481_1,3.5,0.0,0.0
:983438481_2,3.5,0.0,0.0
:983438481_3,3.5,0.0,0.0
:983438484_0,3.5,0.0,0.0
:983438487_0,3.5,0.0,0.0
:983438487_1,3.5,0.0,0.0
:983438487_10,3.5,0.0,0.0
:983438487_11,3.5,0.0,0.0
:983438487_12,3.5,0.0,0.0
:983438487_2,3.5,0.0,0.0
:983438487_3,3.5,0.0,0.0
:983438487_4,3.5,0.0,0.0
:983438487_6,3.5,0.0,0.0
:983438487_7,3.5,0.0,0.0
:983438487_8,3.5,0.0,0.0
:983438487_9,3.5,0.0,0.0
:983438491_0,3.5,0.0,0.0
:983438491_2,3.5,0.0,0.0
:983438491_4,3.5,0.0,0.0
:983438495_0,3.5,0.0,0.0
:983438495_1,3.5,0.0,0.0
:983438495_2,3.5,0.0,0.0
:983438495_3,3.5,0.0,0.0
:983438495_4,3.5,0.0,0.0
:983438495_5,3.5,0.0,0.0
:983438496_0,3.5,0.0,0.0
:983438496_1,3.5,0.0,0.0
:983438496_4,3.5,0.0,0.0
:983438497_0,3.5,0.0,0.0
:983438497_1,3.5,0.0,0.0
:983438498_0,3.5,0.0,0.0
:983438498_1,3.5,0.0,0.0
:983438499_0,3.5,0.0,0.0
:983438499_1,3.5,0.0,0.0
:983438500_0,3.5,0.0,0.0
:983438500_1,3.5,0.0,0.0
:983438501_0,3.5,0.0,0.0
:983438501_1,3.5,0.0,0.0
:983438502_0,3.5,0.0,0.0
:983438502_1,3.5,0.0,0.0
:983438503_0,3.5,0.0,0.0
:983438503_1,3.5,0.0,0.0
:983438503_2,3.5,0.0,0.0
:983438503_3,3.5,0.0,0.0
:983438504_0,3.5,0.0,0.0
:983438504_2,3.5,0.0,0.0
